<?xml version="1.0" encoding="utf-8"?>
<!DOCTYPE datafile PUBLIC "-//Logiqx//DTD ROM Management Datafile//EN" "http://www.logiqx.com/Dats/datafile.dtd">
<datafile>
	<header>
		<name>MAME - Update ROMs (v0.238 to v0.239)</name>
		<description>MAME - Update ROMs (v0.238 to v0.239)</description>
		<version></version>
		<author></author>
	</header>
	<machine name="a2600_pop">
		<description>Atari 2600 Point of Purchase Display</description>
		<year>198?</year>
		<manufacturer>Atari</manufacturer>
		<rom name="136003_101.c6" size="2048" crc="9d3cfba6" sha1="b84c34aaedd84fca30b6e8223ee062439acf4fe0" />
		<rom name="c011201.f5" size="2048" crc="9c326a97" sha1="ce7580059e8b41cb4a1e734c9b35ce3774bf777a" status="baddump" />
		<rom name="c011202a.e6" size="2048" crc="1fc6c0f1" sha1="a746fdc82b336a9d499bf17f50b41e0193ba595e" status="baddump" />
		<rom name="c011205.l4" size="2048" crc="68dd7acd" sha1="f8eeaaf4635ac39b4bdf7ded1348bce46313ef9f" status="baddump" />
		<rom name="c011206.d3" size="2048" crc="177dbdf8" sha1="a2b13017d759346174e3d8dd53b6347222d3b85d" status="baddump" />
		<rom name="c011207.c5" size="2048" crc="e914b8ca" sha1="b89443a0029e765c2716774fe2582be37650115c" status="baddump" />
		<rom name="c011212.f3" size="2048" crc="47592880" sha1="bffb3d41916c83398624151eb00aa2a3acd23ab8" status="baddump" />
		<rom name="c011218.k3" size="2048" crc="58805709" sha1="21d983f2f52b84c22ecae84b0943678ae2c31c10" status="baddump" />
		<rom name="c011221.c2" size="2048" crc="e4bc89c4" sha1="1ffe89d79d55adabc0916b95cc37e18619ef7830" status="baddump" />
		<rom name="c011222.m6" size="2048" crc="3037638c" sha1="8d473b87b70e26890268e6c417c0bb7f01e402eb" status="baddump" />
		<rom name="c011223.c4" size="2048" crc="45ace998" sha1="f362d2b3a50e5ae3c2b412b6c08ecdcfee47a688" status="baddump" />
		<rom name="c011224.k6" size="2048" crc="711a2340" sha1="9375c5c5298e81b37224dbde9bc5af151181ca27" status="baddump" />
		<rom name="c011225.k5" size="2048" crc="3b73ee02" sha1="c6fe4ce24bc1ebd538258d98cfe829963323acca" status="baddump" />
		<rom name="c011227.d4" size="2048" crc="f05a41e1" sha1="d4b0b2aa379893356c72414ee0065a3a91cf9f97" status="baddump" />
		<rom name="c011228.l6" size="2048" crc="fea0d6d5" sha1="cf6ce244b3edaad7ad5e9ca5f01668135c2f93d0" status="baddump" />
		<rom name="c011229.c3" size="2048" crc="00312ea9" sha1="4dde18d4abc139562fdd7a9d2fd49a1f00a9e64a" status="baddump" />
		<rom name="c011233.j4" size="2048" crc="600d8a96" sha1="372771aeb4e2fb2cd1dead5497e3821e4236d5fc" status="baddump" />
		<rom name="c011234.l5" size="2048" crc="46a9f200" sha1="a25d52770408314dec6f41aaf5f9f0a2a3e2c18f" status="baddump" />
		<rom name="c011239.k4" size="2048" crc="171ae72f" sha1="cbecf1a32d9366a3dd4ad643916cd59cdc820a8b" status="baddump" />
		<rom name="c012008.d1" size="4096" crc="b0f20d31" sha1="ac2aad2196c155c1d87d6f42fa88891825f4fde6" status="baddump" />
		<rom name="c012009.l2" size="4096" crc="0df43d8e" sha1="79facc1bf70e642685057999f5c2b8e94b102439" status="baddump" />
		<rom name="c012010.e2" size="4096" crc="cf174b57" sha1="2d7563d337cbc0cdf4fc14f69853ab6757697788" status="baddump" />
		<rom name="c012013.d6" size="4096" crc="a6db4b3a" sha1="e07e48d463d30321239a8acc00c490f27f1f7422" status="baddump" />
		<rom name="c012015.e1" size="4096" crc="9b97c3da" sha1="b45582de81c48b04c2bb758d69021e8088c70ce7" status="baddump" />
		<rom name="c012016.m4" size="4096" crc="3f59bb60" sha1="832283530f5dee332f29cf8c4854dd554f2030a0" status="baddump" />
		<rom name="c012017.j6" size="4096" crc="e2a7ffa6" sha1="9b1da7fbd0bf6fcadf1b60c11eeb31b6a61a03c3" status="baddump" />
		<rom name="c012030.e5" size="4096" crc="a4b9a830" sha1="6821c334d9cb85da17fa2a960636620966b91f96" status="baddump" />
		<rom name="c012031b.j3" size="4096" crc="39562bd7" sha1="b9dee027c8d7dd2a46be111ab0b8363c1becc081" status="baddump" />
		<rom name="c012032.e3" size="4096" crc="a6e867b3" sha1="31d9668fe5812c3d2e076987ca327ac6b2e280bf" status="baddump" />
		<rom name="c012035.e4" size="4096" crc="0098e428" sha1="aba25089d87cd6fee8d206b880baa5d938aae255" status="baddump" />
		<rom name="c012036.l3" size="4096" crc="3df33335" sha1="babae88a832b76d8c5af6ea63b8f10a0da5bb992" status="baddump" />
		<rom name="c012037a.j5" size="4096" crc="bc3602b5" sha1="0ffc02c54190e9dd51ac1e52c911d3d7d730a40a" status="baddump" />
		<rom name="c012038.f4" size="4096" crc="cff14904" sha1="faa06bb0643dbf556b13591c31917d277a83110b" status="baddump" />
		<rom name="c012045.m3" size="4096" crc="b6226a54" sha1="043ef523e4fcb9fc2fc2fda21f15671bf8620fc3" status="baddump" />
		<rom name="c012046.c1" size="4096" crc="ddc9a881" sha1="0940fea7f04cdb6d4b90c5ad1a7e344e68f6dbb1" status="baddump" />
		<rom name="c012048.d2" size="4096" crc="10d95426" sha1="2c16c1a6374c8e22275d152d93dd31ffba26271f" status="baddump" />
		<rom name="c012050.f2" size="4096" crc="2e8b4b5f" sha1="08bcbc8954473e8f0242b881315b0af4466998ae" status="baddump" />
		<rom name="c012052.d5" size="4096" crc="420b8248" sha1="08598101e38756916613f37581ef1b61c719016f" status="baddump" />
		<rom name="c012054.j2" size="4096" crc="aa62d961" sha1="1476c869619075b551b20f2c7f95b11e0d16aec1" status="baddump" />
		<rom name="c012055.m2" size="4096" crc="dfa1c825" sha1="e2cd8996c1cf929e29130690024d1ec23d3b0bde" status="baddump" />
		<rom name="c012058.k2" size="4096" crc="ccc90c98" sha1="18fac606400c08a0469aebd9b071ae3aec2a3cf2" status="baddump" />
		<rom name="c012062.m5" size="4096" crc="c2bcc789" sha1="561bccf508e162bc70c42d85c170cf0d1d4691a3" status="baddump" />
	</machine>
	<machine name="ace500">
		<description>Franklin ACE 500</description>
		<year>1986</year>
		<manufacturer>Franklin Computer</manufacturer>
		<rom name="franklin500-rom.bin" size="32768" crc="376c9104" sha1="7f82706adc0bfb5f60c207c81271eb0ba8510a11" />
		<rom name="franklin_ace2000_videorom.bin" size="8192" crc="545bdeea" sha1="26ebc4b0d3080311f550090bc1b29807cb22d083" />
	</machine>
	<machine name="ace2200">
		<description>Franklin ACE 2200</description>
		<year>1985</year>
		<manufacturer>Franklin Computer</manufacturer>
		<rom name="franklin_ace2000_rom_u1_p3_rev6_franklinrom.bin" size="8192" crc="5cc150a7" sha1="7ac8028bbf8cb7730f432e0bae32e364523555fb" />
		<rom name="franklin_ace2000_rom_u2_p2_rev6.bin" size="8192" crc="1ab6e4d3" sha1="5bdb10089fbdadaee9772afa1f7439a51289636b" />
		<rom name="franklin_ace2000_rom_u3_p1_rev6.bin" size="8192" crc="197f4936" sha1="ec9de6da0ca6b6fd97fbef34eec64bf5c3c1b6c5" />
	</machine>
	<machine name="acr20">
		<description>ACR-20 Digital Accompaniment Center</description>
		<year>199?</year>
		<manufacturer>Kawai Musical Instruments Manufacturing</manufacturer>
		<rom name="kp148a.bin" size="131072" crc="a73ca17b" sha1="e0baf24a33bead76af08b1653e3034f4b5b1c888" />
	</machine>
	<machine name="adpoker">
		<description>Amstar Draw Poker</description>
		<year>198?</year>
		<manufacturer>Amstar?</manufacturer>
		<rom name="2716.8a" size="2048" crc="7ce15156" sha1="13c604b4d97186f1cef2cffbc437e76990f7e4bb" />
		<rom name="2732.17a" size="4096" crc="b4db832f" sha1="af1f26c5b703a9031690d4b63fb8555236cd6ddd" />
		<rom name="loson.6a" size="2048" crc="5afb7cc7" sha1="334deb71f2d59dd7264150d1c15af01e49f9bd86" />
		<rom name="loson.7a" size="2048" crc="19fec412" sha1="580a56d9a2ae94abf1185ed7fc0280d51e9d5964" />
	</machine>
	<machine name="airbase99">
		<description>AiRBase 99</description>
		<year>1998</year>
		<manufacturer>JoMoX</manufacturer>
		<rom name="airbase99 r1_09h.bin" size="65536" crc="f3e7a25f" sha1="8978326615661238aa07304bd4aaf8471b7bf449" />
		<rom name="airbase99 r1_09l.bin" size="65536" crc="218ec7cc" sha1="8eeffa22f927d5e17937f9c04dbebf5367f520df" />
	</machine>
	<machine name="arc_acejoy" isdevice="yes" runnable="no">
		<description>ACE Joy Connect</description>
		<rom name="acejoy.bin" size="4096" crc="300c4aa8" sha1="1addf507844c6590d111765051a43fe571491224" />
	</machine>
	<machine name="arc_greyhawk" isdevice="yes" runnable="no">
		<description>Computer Concepts GreyHawk Video Digitiser</description>
		<rom name="greyhawk.bin" size="65536" crc="1ecead90" sha1="e8d5d271e2c10430ae858d2f4337fc73a0c63d82" />
	</machine>
	<machine name="arc_midimax2" isdevice="yes" runnable="no">
		<description>Wild Vision MidiMax II</description>
		<rom name="midimax-2.01.rom" size="65536" crc="b112bdb2" sha1="d713bf8661542009defadb08cc6096af94efce3e" />
	</machine>
	<machine name="arc_midimax" isdevice="yes" runnable="no">
		<description>Wild Vision MidiMax</description>
		<rom name="midimax-1.05.rom" size="65536" crc="2340a077" sha1="8cba82ed214246b9fb55e24e87e4629231490465" />
	</machine>
	<machine name="arc_scan256" isdevice="yes" runnable="no">
		<description>Watford Electronics 256 Grey-Scale Scanner</description>
		<rom name="scan256_1.00.bin" size="131072" crc="3e5d5877" sha1="9ea4bba1a752090b19a8ab9bf06414053fb8f7ff" />
	</machine>
	<machine name="arc_scanjunior3" isdevice="yes" runnable="no">
		<description>Computer Concepts ScanLight Junior MkIII</description>
		<rom name="scan-light_jr_2.00.rom" size="32768" crc="bdc729bb" sha1="382193f2b6cf8ba5ed04481d99050fe2f691ad0a" />
	</machine>
	<machine name="arc_spectra" isdevice="yes" runnable="no">
		<description>Beebug Spectra Colour Scanner</description>
		<rom name="spectra_1.05.bin" size="32768" crc="51b858ae" sha1="bac53e4cd1047606e6314992e2581acf09e1b658" />
	</machine>
	<machine name="arc_ua_morley" isdevice="yes" runnable="no">
		<description>Morley Electronics Analogue and User Interface</description>
		<rom name="morley_ua_16bit_v2.01.bin" size="32768" crc="736f8a07" sha1="423208fb3132400d3582b29481b8f7b7e6cd0c70" />
	</machine>
	<machine name="arc_uma_morley" isdevice="yes" runnable="no">
		<description>Morley Electronics User/MIDI/Analogue Interface</description>
		<rom name="morley_uma_eprom_v1.00.bin" size="32768" crc="7474ec1a" sha1="0db73540fc329b71a977a2be20c66ae2ae39df78" />
	</machine>
	<machine name="atakaast">
		<description>Ataka asteroidov</description>
		<year>1992</year>
		<manufacturer>bootleg (Elektronika)</manufacturer>
		<rom name="atakaast.svg" size="105570" crc="3d79aacc" sha1="bc25969f4d6fa75b320130c920ac0bdc8fb44cbd" />
	</machine>
	<machine name="cbully" ismechanical="yes">
		<description>Coche Bully</description>
		<year>1991</year>
		<manufacturer>Falgas</manufacturer>
		<rom name="bully-gs_m89-iv_16-1-91.u2" size="32768" crc="4cc85230" sha1="c3851e6610bcb3427f81ecfcd4575603a9edca6e" />
	</machine>
	<machine name="cfp1080s" isdevice="yes" runnable="no">
		<description>Conner CFP1080S</description>
		<rom name="conner_cfp1080s.bin" size="131072" crc="3254150a" sha1="605be871e75ff775554fc8ce4e09bc2e35a6db09" />
	</machine>
	<machine name="ctk551">
		<description>CTK-551</description>
		<year>1999</year>
		<manufacturer>Casio</manufacturer>
		<rom name="ctk551lcd.svg" size="285279" crc="1bb5da03" sha1="a0cf22c6577c4ff0119ee7bb4ba8b487e23872d4" />
	</machine>
	<machine name="ddpdojblk">
		<description>DoDonPachi Dai-Ou-Jou Black Label (Japan, 2002.10.07.Black Ver, newer)</description>
		<year>2002</year>
		<manufacturer>Cave (AMI license)</manufacturer>
		<rom name="ddb10_10_8_434f.u45" size="2097152" crc="d21561db" sha1="66a0103bc5f17b28736b562e32807271a5afa261" />
		<rom name="ddp3blk_defaults.nv" size="131072" crc="c2282720" sha1="80b7662a7577883dabd043b6500ae244379047c2" />
	</machine>
	<machine name="dirtdash">
		<description>Dirt Dash (Rev. DT2 Ver.B, World)</description>
		<year>1995</year>
		<manufacturer>Namco</manufacturer>
		<rom name="dt2verb.rom1" size="1048576" crc="d133c6d7" sha1="6fbdb823771826ba8c62d8d85223eeda38c081e7" />
		<rom name="dt2verb.rom2" size="1048576" crc="ba4d7626" sha1="c48b724a454b97c47122548c77793599e9d8f92c" />
		<rom name="dt2verb.rom4" size="1048576" crc="9a80fc82" sha1="81a14749a39d213db58527f7a98d48dbfca1c153" />
	</machine>
	<machine name="downhill">
		<description>Downhill Bikers (World, DH2 Ver. A)</description>
		<year>1997</year>
		<manufacturer>Namco</manufacturer>
		<rom name="dh2vera.ic1" size="2097152" crc="ea7dcf68" sha1="fd5110e3dab04f8c8503fd6fe9edbfc7c5a22aaf" />
		<rom name="dh2vera.ic2" size="2097152" crc="81bca744" sha1="0335960126e41f02442828213990f0d30af86696" />
	</machine>
	<machine name="ehockey">
		<description>Hockey (Elektronika)</description>
		<year>1988</year>
		<manufacturer>bootleg (Elektronika)</manufacturer>
		<rom name="ehockey.svg" size="94977" crc="98cf43b0" sha1="4353505709612344cd3b597c3b4e9f6b441ddb66" />
	</machine>
	<machine name="fdes2265">
		<description>Designer Mach III Master 2265 (set 1)</description>
		<year>1989</year>
		<manufacturer>Fidelity Electronics</manufacturer>
		<rom name="13_e3_red.ic11" size="32768" crc="fc352636" sha1="e87350eab0c9ec7ea6321d82246c500c9d7b463e" />
		<rom name="13_o3_blue.ic10" size="32768" crc="f335a2d5" sha1="e0b861d77f394d39ab68ca2ef9ac1ceb9e829aed" />
	</machine>
	<machine name="ffight3b">
		<description>Final Fight 3 (SNES bootleg)</description>
		<year>199?</year>
		<manufacturer>bootleg</manufacturer>
		<rom name="801.u6" size="1048576" crc="b6c637a7" sha1="8ab041b9d7ab4318002b11bb876bce8f9764f644" />
		<rom name="801.u7" size="1048576" crc="efbdd541" sha1="85c7a674bd976414e916b87239571615d255d7eb" />
		<rom name="801.u8" size="1048576" crc="6e2f7309" sha1="ad5f37d79590c4bc4b1d33432595eb9d53f1bb90" />
	</machine>
	<machine name="fgtlayer">
		<description>Fighting Layer (FTL3/VER.A)</description>
		<year>1998</year>
		<manufacturer>Arika / Namco</manufacturer>
		<rom name="ftl3vera.2e" size="2097152" crc="90e33126" sha1="81caedd72d7634810d6f7093d4ad437aca83fbf2" />
		<rom name="ftl3vera.2j" size="2097152" crc="1626465d" sha1="941e7f8fbbaa232aab10a52aba1c462b4c91bb71" />
	</machine>
	<machine name="galpani2k">
		<description>Gals Panic II (Korea, single PCB)</description>
		<year>1993</year>
		<manufacturer>Kaneko (Karam Trading Co., Ltd. license)</manufacturer>
		<rom name="27c010.u63" size="131072" crc="c74f6763" sha1="e39063ec1789fbacfaba6e97031247222f7b206d" />
		<rom name="27c010.u64" size="131072" crc="4fa04a29" sha1="5819b6e6a845e16cc26704bc465b1bb807b4573d" />
		<rom name="27c020.u169" size="262144" crc="048c0ea6" sha1="6585b0f20135e0b731f7fb801fbb6cb538763069" />
		<rom name="27c020.u170" size="262144" crc="15f5012d" sha1="65aa84e25cb83887ac64b0ae27ea08582133430f" />
		<rom name="27c040.u164" size="524288" crc="906d72af" sha1="fb57d371d6fa3efeee38ca3e89f3d2725dada0bf" />
		<rom name="27c040.u165" size="524288" crc="152bbddf" sha1="b5cb78f7aef145bf37c1252959b479e948e09df4" />
		<rom name="gp2-100-k.u61" size="1048576" crc="665ae0a2" sha1="fa67a49eb4cb67f4f7f51bc70bce58fe9baff57b" />
		<rom name="gp2-300a-k_0067.u175" size="1048576" crc="68145adc" sha1="6d8ab1f344adf2f0ec79aad7bb3c7977c5229651" />
		<rom name="gp2-300b-k_0068.u176" size="1048576" crc="e77af845" sha1="c88cc93f718b3057120c81403cd0b1659305008b" />
		<rom name="gp2-301a-k_0069.u177" size="1048576" crc="b6610c77" sha1="8f53360bde92de24fc8154718aece497cd9178d3" />
		<rom name="gp2-301b-k_0070.u178" size="1048576" crc="71969a41" sha1="337d18caf57bca8025669cdcc11e16c49e7fe854" />
	</machine>
	<machine name="gberetb">
		<description>Green Beret (bootleg)</description>
		<year>1985</year>
		<manufacturer>bootleg</manufacturer>
		<rom name="82s123-ic100.13b" size="32" crc="1bef8c7b" sha1="f8f0ff6f674c8d28b3ac3daaad8e46328659a480" />
		<rom name="82s129-ic26.4g" size="256" crc="2d3ad74b" sha1="92152fd717901b5532097a7c88916c89c054d135" />
		<rom name="82s129-ic34.5g" size="256" crc="a895c3e5" sha1="e485489ec88bc058ebd8c5645cc951ef08aa778c" />
		<rom name="82s129-ic75.9j" size="256" crc="85e757b6" sha1="6ec7573e14e3418ac1dcaa72326b34e3d3163ea3" />
		<rom name="82s129-ic90.12a" size="256" crc="dffe6b15" sha1="fc83ef5d6b4885194a5fe00521d10aea9213e2c8" />
	</machine>
	<machine name="geneve">
		<description>Geneve 9640</description>
		<year>1987</year>
		<manufacturer>Myarc</manufacturer>
		<rom name="genbt200.bin" size="16384" crc="cc159fd6" sha1="15d3bb48edb301364ecbd42025c4a2539cc3070d" />
	</machine>
	<machine name="genmod">
		<description>Geneve 9640 Mod</description>
		<year>1990</year>
		<manufacturer>Myarc / Ron G. Walters</manufacturer>
		<rom name="gnmbt200.bin" size="16384" crc="0a66c714" sha1="139ed03d365b21123295cd99c73736ee424dbb74" />
	</machine>
	<machine name="gt98c100">
		<description>Golden Tee '98 (v1.00C)</description>
		<year>1998</year>
		<manufacturer>Incredible Technologies</manufacturer>
		<rom name="gt98_prom0_v1.00c.prom0" size="524288" crc="bb508580" sha1="6ba243386a32dbe9b14b3cef8d9ce9fac8ec4b28" />
		<rom name="gt98_prom1_v1.00c.prom1" size="524288" crc="0e414c17" sha1="08dae822c4e0b3c5c7e7f09e77e01d3663067927" />
		<rom name="gt98_prom2_v1.00c.prom2" size="524288" crc="628e84eb" sha1="b31b74bee1ab4eda7c8f1c4e62bd61837b2c9f1f" />
		<rom name="gt98_prom3_v1.00c.prom3" size="524288" crc="870f2464" sha1="d84fdb28bcf5767a539d11fb21df0fe2973daa43" />
	</machine>
	<machine name="hds200">
		<description>HDS200</description>
		<year>1985</year>
		<manufacturer>Human Designed Systems</manufacturer>
		<rom name="u56.bin" size="8192" crc="cd268bff" sha1="42f2aa3f51ae53e5cbcb57f974e99b24bca5f56f" />
		<rom name="u78.bin" size="8192" crc="518cfeb7" sha1="3c214dede545a2a991fdd77311b3474b01b2123f" />
		<rom name="u79.bin" size="8192" crc="3a765c8a" sha1="8ffb5fb07b086ac725f22c2643ecd2e061130b57" />
		<rom name="u80.bin" size="8192" crc="f72dfeeb" sha1="7e09b8f0df8384f6b5c4d29cd59fa31f743de8b8" />
		<rom name="u81.bin" size="8192" crc="b3f430be" sha1="dd5503de46c7f00f2e376104dff13224026f5870" />
	</machine>
	<machine name="im01t">
		<description>Elektronika IM-01T</description>
		<year>1991</year>
		<manufacturer>Svetlana</manufacturer>
		<rom name="0000148" size="8192" crc="327c6055" sha1="b90b3b1261d677eb93014ea9e809e45b3b25152a" />
		<rom name="0000149" size="8192" crc="43b14589" sha1="b083b631f38a26a335226bc474669ef7f332f541" />
	</machine>
	<machine name="im01">
		<description>Elektronika IM-01</description>
		<year>1986</year>
		<manufacturer>Svetlana</manufacturer>
		<rom name="0000106" size="8192" crc="b0ab8808" sha1="b682e9e8a5e52cd8fee5ae45277ae658bf5c32f1" />
		<rom name="0000107" size="8192" crc="2318e85b" sha1="6a92f6464af69ad0175f323f01dd067b91d345d3" />
	</machine>
	<machine name="inyourfa">
		<description>In Your Face (North America, prototype)</description>
		<year>1991</year>
		<manufacturer>Jaleco</manufacturer>
		<rom name="prom.14m" size="512" crc="21390e3a" sha1="e641be8ee6ed2ac62a027bf47ec49acb30d65ced" status="baddump" />
	</machine>
	<machine name="kosmicpt">
		<description>Kosmicheskiy polyot</description>
		<year>19??</year>
		<manufacturer>bootleg (Elektronika)</manufacturer>
		<rom name="kosmicpt.svg" size="110214" crc="ccef6d27" sha1="71f3cf49a5797ed9296f1e86ec4575ffefab67dd" />
	</machine>
	<machine name="krybolov">
		<description>Kot-rybolov (Elektronika)</description>
		<year>1989</year>
		<manufacturer>bootleg (Elektronika)</manufacturer>
		<rom name="krybolov.svg" size="132804" crc="4e3e70d3" sha1="18f1300afa601deb6ac01dcf7dca88187b7940a3" />
	</machine>
	<machine name="kvakazad">
		<description>Kvaka-zadavaka</description>
		<year>1989</year>
		<manufacturer>bootleg (Elektronika)</manufacturer>
		<rom name="kvakazad.svg" size="131961" crc="37b27420" sha1="25d9e273f056c10e3a5bc4476ce980bfdb8095e1" />
	</machine>
	<machine name="legionj2">
		<description>Chouji Meikyuu Legion (Japan ver 1.05, set 2)</description>
		<year>1987</year>
		<manufacturer>Nichibutsu</manufacturer>
		<rom name="legion.e1" size="65536" crc="b890da35" sha1="3c12b80aca7e4389c8e98f8891a9e620419d613f" />
		<rom name="legion.e5" size="65536" crc="d7efe310" sha1="664e6f2b92670e9a32a56b4df3a7c99a99e4515d" />
	</machine>
	<machine name="leonardob">
		<description>Kasparov Leonardo (v1.0)</description>
		<year>1986</year>
		<manufacturer>SciSys</manufacturer>
		<rom name="sw6-830b.u9" size="32768" crc="dc892c1b" sha1="5f7a92080a4062e1de61c7273a2fd0cfd9ede9f3" />
	</machine>
	<machine name="lhzb3in1">
		<description>Long Hu Zhengba San He Yi (V100CN)</description>
		<year>200?</year>
		<manufacturer>IGS</manufacturer>
		<rom name="lhzb3in1_v100cn.u17" size="2097152" crc="03caaba4" sha1="701b97d791e9329bad2ddc4d365748e65c430758" />
		<rom name="lhzb3in1_v100cn.u28" size="8388608" crc="68624630" sha1="56e638d59c4533136f69db22f562b39120b516c1" />
		<rom name="lhzb3in1_v100cn.u29" size="8388608" crc="d8c160a9" sha1="4b567571764db679a265ae075136128db495acdd" />
		<rom name="lhzb3in1_v100cn.u30" size="8388608" crc="fb4124d7" sha1="324fe2ade17b0ee9833decf2cab9dd4654a04cec" />
		<rom name="lhzb3in1_v100cn.u31" size="8388608" crc="4572ff90" sha1="5d4a40ddec1505edc8a1e35130abd7f2c97b1094" />
		<rom name="lhzb3in1_v100cn.u32" size="8388608" crc="04fe8ca2" sha1="039009dd535e1388236bd0fd699eeaf593ae5323" />
		<rom name="lhzb3in1_v100cn.u33" size="8388608" crc="9afa55d1" sha1="0a19e1c54b271b21fb9931e7c81a9e7d9e77295a" />
	</machine>
	<machine name="lordofkb">
		<description>The Lord of King (bootleg, not protected)</description>
		<year>1989</year>
		<manufacturer>bootleg</manufacturer>
		<rom name="upper.18" size="65536" crc="c0943ffe" sha1="a433c85e48963b6c0637f15692c9cb6599d332eb" />
	</machine>
	<machine name="lordofkbp">
		<description>The Lord of King (bootleg, protected)</description>
		<year>1989</year>
		<manufacturer>bootleg</manufacturer>
		<rom name="load.dc" size="65536" crc="cbb9728d" sha1="3585ca615a9db05186410d8ebb50d717e02cba35" />
		<rom name="pal16l8acn.i7" size="260" crc="4e9118f6" sha1="f5da2bc1846cecbf9d4e435773f8c27366f05d0c" />
	</machine>
	<machine name="majest12u">
		<description>Majestic Twelve - The Space Invaders Part IV (US)</description>
		<year>1990</year>
		<manufacturer>Taito America Corporation</manufacturer>
		<rom name="c64_17.ic8" size="262144" crc="fd514ad9" sha1="14646ed90dad208b5874191a329396f35f3c0a0d" />
	</machine>
	<machine name="mariojjl">
		<description>Super Mario Fushigi No JanJanLand</description>
		<year>2006</year>
		<manufacturer>Nintendo / Capcom</manufacturer>
		<rom name="spm_01.ic31" size="4194304" crc="141761a7" sha1="ab1029c9277b3932d43308a7b4c106cd526a82c7" />
		<rom name="spm_04c.ic30" size="4194304" crc="159e912d" sha1="5db1434d34e52f9c35d71e05675dd035765d2e6f" />
		<rom name="spm_05c.ic33" size="4194304" crc="482d2b32" sha1="01fb4b5f2441dc8c0f07943f190429c19c60b9d6" />
	</machine>
	<machine name="mastcrane" ismechanical="yes">
		<description>Master Crane (set 1)</description>
		<year>199?</year>
		<manufacturer>Compumatic</manufacturer>
		<rom name="gal16v8.ic4" size="279" crc="4d665a06" sha1="504f0107482f636cd216579e982c6162c0b120a7" />
		<rom name="v8.ic3" size="131072" crc="c47d11ad" sha1="b0e784b7f68492f2872c06674f92d582def9cd26" />
	</machine>
	<machine name="mastcranea" ismechanical="yes">
		<description>Master Crane (set 2)</description>
		<year>199?</year>
		<manufacturer>Compumatic</manufacturer>
		<rom name="505.ic3" size="131072" crc="3dbb83f1" sha1="3536762937332add0ca942283cc22ff301884a4a" />
	</machine>
	<machine name="mc_cb203">
		<description>Coolboy RS-17 - 203 in 1</description>
		<year>201?</year>
		<manufacturer>Coolboy</manufacturer>
		<rom name="s25fl032.bin" size="4194304" crc="33c4e67b" sha1="5787db4c8ce4c2569a5f9e9054cbb1944c1b3092" />
	</machine>
	<machine name="mmaruchan">
		<description>Chibi Maruko-chan ~Minna de Sugoroku Asobi~ no Maki</description>
		<year>2005</year>
		<manufacturer>Capcom</manufacturer>
		<rom name="spt_01.ic31" size="4194304" crc="790b4bed" sha1="3df68610f8b81dd5f74dca0f05da47a539b45163" />
		<rom name="spt_04b.ic30" size="4194304" crc="9899f171" sha1="d114c1ef0608c0740b7d58561c9f39c13b453e3a" />
		<rom name="spt_05b.ic33" size="4194304" crc="108efb71" sha1="3f9e1c59f7af60976d140bf68b75c270a364f3a2" />
	</machine>
	<machine name="morataka">
		<description>Morskaja ataka</description>
		<year>19??</year>
		<manufacturer>bootleg (Elektronika)</manufacturer>
		<rom name="morataka.svg" size="105057" crc="c235c56c" sha1="b6ef74ba7826221683243e23513270d0f0f2cfda" />
	</machine>
	<machine name="nochnyev">
		<description>Nochnye vorishki</description>
		<year>19??</year>
		<manufacturer>bootleg (Elektronika)</manufacturer>
		<rom name="nochnyev.svg" size="136498" crc="24a287cd" sha1="2d14aa9b55b42c634df141fe4037ae286549b17b" />
	</machine>
	<machine name="offroadc0">
		<description>Off Road Challenge (v1.00)</description>
		<year>1997</year>
		<manufacturer>Midway</manufacturer>
		<rom name="off_road_u10_game.u10" size="1048576" crc="f3535a2c" sha1="b9578ac9bf3092d983608bc26535127108565062" />
		<rom name="off_road_u11_game.u11" size="1048576" crc="16c904ee" sha1="ad0a7d9db239cfeb43aba6c4a0a830ba010f397f" />
		<rom name="off_road_u12_game.u12" size="1048576" crc="d267d7bf" sha1="eaafba935392444871c17a06e7f513545846aac5" />
		<rom name="off_road_u13_game.u13" size="1048576" crc="e6274bb3" sha1="3203d0bf6ce01efd8e28114b95ddf31e70df5e6e" />
	</machine>
	<machine name="ougonhai">
		<description>Mahjong Ougon no Hai</description>
		<year>1991</year>
		<manufacturer>Dynax</manufacturer>
		<rom name="ougonhai_tmp91p640n-10.5b" size="16384" crc="eb7933b9" sha1="c5c36231963681644d99130a79594cb61d0c09cc" status="baddump" />
	</machine>
	<machine name="ougonhaib2">
		<description>Mahjong Ougon no Hai (bootleg set 2)</description>
		<year>1991</year>
		<manufacturer>bootleg</manufacturer>
		<rom name="hc01.u19" size="1048576" crc="57ce658b" sha1="0608625ac112dea5d433f843230cf192623eddfc" />
		<rom name="hc02.u8" size="1048576" crc="f656e314" sha1="69069a3cb961179edb7ba9ada3f574f37e3cbd80" />
		<rom name="hc03.u11" size="262144" crc="fc635d8a" sha1="fb4cbe676022890c53e79cb173ceada5e22687f2" />
	</machine>
	<machine name="ougonhaib3">
		<description>Mahjong Ougon no Hai (bootleg set 3)</description>
		<year>1991</year>
		<manufacturer>bootleg</manufacturer>
		<rom name="m27c512.u15" size="65536" crc="4adbb785" sha1="6838de0a7fb0fb4d566b9ed33993a51c59fb4686" />
		<rom name="mg-1.u11" size="262144" crc="dd1ed979" sha1="53ae532f789b184c7cd4d504408f4ad2c1492cfb" />
		<rom name="mg-3.u21" size="524288" crc="8ef6a17a" sha1="f4cbf91dd33b2a96a6a2ad67da3c9a69892e2405" />
	</machine>
	<machine name="outfxiesja">
		<description>The Outfoxies (Japan, OU1, alternate GFX ROMs)</description>
		<year>1994</year>
		<manufacturer>Namco</manufacturer>
		<rom name="ou1-rot0.3d" size="2097152" crc="30511ffb" sha1="26f6c8ad0763427b90aa811528112318160399c1" />
		<rom name="ou1-rot1.3c" size="2097152" crc="f4b61c22" sha1="8421c021ab4eceef5974cf90b4281c09a6cd3fc7" />
		<rom name="ou1-rot2.3b" size="2097152" crc="d48b29d8" sha1="f4359eb0a5a1cf860abaa90a812e3ca5b2ed6e37" />
		<rom name="ou1-scr0.1d" size="2097152" crc="692b63f8" sha1="a16b95eb5e99ad59c39f64b83d09ae6c95ac7865" />
		<rom name="ou1obj0l.4c" size="2097152" crc="ecf135e4" sha1="f88924bf4528845c6d178abf0c0d71e3030d6823" />
		<rom name="ou1obj0u.8c" size="2097152" crc="229fe774" sha1="97de8777a2bf3d39c8331183fa13e339ee946287" />
		<rom name="ou1obj1l.4b" size="2097152" crc="0b9d060e" sha1="3e148d5fd5857d267c83e08a2065e8af6554f538" />
		<rom name="ou1obj1u.8b" size="2097152" crc="34a0feca" sha1="dcd88d762c19ff2972f52f0c7fd506b48f2ad3e5" />
		<rom name="ou1obj2l.4a" size="2097152" crc="128119c4" sha1="92f373bda457826dbf017971171d91f01b4fb17b" />
		<rom name="ou1obj2u.8a" size="2097152" crc="ce74c385" sha1="fe93b451a762cbfc8b72778837f205b2c300d6b3" />
		<rom name="ou1obj3l.6c" size="2097152" crc="39d9aa54" sha1="d5a40c145da84f77d9fa0c635ea6253d0d30bec4" />
		<rom name="ou1obj3u.9c" size="2097152" crc="022f4a73" sha1="d0cf1df3731c5166f0e882f2eaa5603ff643d0e5" />
		<rom name="ou1obj4l.6b" size="2097152" crc="b26fbb92" sha1="906f4f9ebc114872ffb9a1443d3daec7fc9a66e4" />
		<rom name="ou1obj4u.9b" size="2097152" crc="ad99607d" sha1="b5a3442d74a2c153e646f498f4386a078fe51b80" />
	</machine>
	<machine name="pc_1942">
		<description>1942 (PlayChoice-10)</description>
		<year>1987</year>
		<manufacturer>Capcom</manufacturer>
		<rom name="pch1-c__8t_e-1.8t" size="16384" crc="88a8f87e" sha1="d1d7ffe68d2e7aa2faf8ad41a7ec8421265ede42" />
	</machine>
	<machine name="peps0015">
		<description>Player's Edge Plus (PS0015) Super Joker Slots</description>
		<year>1996</year>
		<manufacturer>IGT - International Game Technology</manufacturer>
		<rom name="ps0015_569-a2c.u68" size="65536" crc="255a8918" sha1="0aecdd57d68dee6b83d71033e2214249d350b147" />
	</machine>
	<machine name="peps0040">
		<description>Player's Edge Plus (PS0040) Jackpot Jungle Slots</description>
		<year>1996</year>
		<manufacturer>IGT - International Game Technology</manufacturer>
		<rom name="cap961.u50" size="256" crc="bde95c48" sha1="7d000063819724b84133d125eb90aed2a066b25c" />
		<rom name="mbo-cg961.u74" size="32768" crc="b4a2d0f8" sha1="6430c97d70e14eb3d6941fb1507a79efde46bd5b" />
		<rom name="mgo-cg961.u73" size="32768" crc="254635e3" sha1="7b8d1e25cec083224da6668e7f16b225a51592c3" />
		<rom name="mro-cg961.u72" size="32768" crc="01fb2147" sha1="64146b161af64e963dbdbe1d4bfcc997bb141f13" />
		<rom name="mxo-cg961.u75" size="32768" crc="bd7e9763" sha1="2ad5abe43553480160f3ee7cf61526d198f41661" />
		<rom name="ps0040_569-a2c.u68" size="65536" crc="913dab9c" sha1="814b96e151b52531147eca620b3cb9b659f3691d" />
	</machine>
	<machine name="peps0041">
		<description>Player's Edge Plus (PS0041) Jackpot Jungle Slots</description>
		<year>1996</year>
		<manufacturer>IGT - International Game Technology</manufacturer>
		<rom name="ps0041_569-a2c.u68" size="65536" crc="3b82426b" sha1="43a71479c50224df39f65adcc722a71eb2f3f293" />
	</machine>
	<machine name="peps0044">
		<description>Player's Edge Plus (PS0044) Red White &amp; Blue Slots</description>
		<year>1996</year>
		<manufacturer>IGT - International Game Technology</manufacturer>
		<rom name="ps0044_569-a2c.u68" size="65536" crc="8330c1d0" sha1="d7d7cc9baa23e15ad350c625fc0a551c83bad115" />
	</machine>
	<machine name="peps0048">
		<description>Player's Edge Plus (PS0048) Double Jackpot Slots</description>
		<year>1996</year>
		<manufacturer>IGT - International Game Technology</manufacturer>
		<rom name="cap1005.u50" size="256" crc="f0b77d61" sha1="fb4bcef601a0ac402e2adb5e73b761c39d71c2ee" />
		<rom name="mbo-cg1005.u74" size="32768" crc="1f48e347" sha1="31988cd43fe1969f9889ff77c8c0b1683874e6fb" />
		<rom name="mgo-cg1005.u73" size="32768" crc="1330394e" sha1="658bb41887081cb8d80a63238a3cb4ad5ea1cc8b" />
		<rom name="mro-cg1005.u72" size="32768" crc="5211d8c0" sha1="e32bb8259a066aa7c4702141f5c0dac885d0abf8" />
		<rom name="mxo-cg1005.u75" size="32768" crc="fa1042b4" sha1="c5eabdb7a7d6b4818f1fe2a70b83fe19c5480158" />
		<rom name="ps0048_569-a2c.u68" size="65536" crc="9712168b" sha1="25e4b834d609c4bad72bbe5133743d85cb08e444" />
	</machine>
	<machine name="peps0070">
		<description>Player's Edge Plus (PS0070) Hurricane Slots</description>
		<year>1996</year>
		<manufacturer>IGT - International Game Technology</manufacturer>
		<rom name="cap1033.u50" size="256" crc="b613cecc" sha1="c65547b9b739fd689a88902a0fb18924ffeb8434" />
		<rom name="mbo-cg1033.u74" size="32768" crc="17c1aff0" sha1="de48b4be2e91f72d4cb9b61be7afc57ceef94abb" />
		<rom name="mgo-cg1033.u73" size="32768" crc="ac94c7d5" sha1="aefd26783b663fcf801a8011b229556508f288e4" />
		<rom name="mro-cg1033.u72" size="32768" crc="19e26bc3" sha1="9f233eb6892d566aa875ce459860269ee7da01a3" />
		<rom name="mxo-cg1033.u75" size="32768" crc="5763983a" sha1="1b37941216c60764519bcf82f8d0a1d05f5f117d" />
		<rom name="ps0070_569-a2c.u68" size="65536" crc="8057f534" sha1="226c3e3dd1a7503fb2cdab6272dc2fa9f2563d37" />
	</machine>
	<machine name="peps0086">
		<description>Player's Edge Plus (PS0086) Earth Quake Slots</description>
		<year>1996</year>
		<manufacturer>IGT - International Game Technology</manufacturer>
		<rom name="mbo-cg1060.u74" size="32768" crc="953d6463" sha1="6689ee6148a7df651908f6f1487c713c3da63ded" />
		<rom name="mgo-cg1060.u73" size="32768" crc="b642daa7" sha1="59478c3626dea767e2c2096ed7ee32a40e4d9f8a" />
		<rom name="mro-cg1060.u72" size="32768" crc="8c260ec8" sha1="15281c7286f1f6f4d8e62df78f017c4cc7ed59ab" />
		<rom name="mxo-cg1060.u75" size="32768" crc="3448ca65" sha1="e57c975fc5d5c913654cfd3f211d761b313d9931" />
		<rom name="ps0086_569-a2c.u68" size="65536" crc="b41deca0" sha1="1ea6c8d7a6b112a7ba2bbe8f287f4279fb727894" />
	</machine>
	<machine name="peps0205">
		<description>Player's Edge Plus (PS0205) Red White &amp; Blue Slots</description>
		<year>1996</year>
		<manufacturer>IGT - International Game Technology</manufacturer>
		<rom name="ps0205_569-a2c.u68" size="65536" crc="74c09260" sha1="e2230c81ff1b18996bec9f93439990099077ae98" />
	</machine>
	<machine name="peps0267">
		<description>Player's Edge Plus (PS0267) Spin Til You Win Slots</description>
		<year>1996</year>
		<manufacturer>IGT - International Game Technology</manufacturer>
		<rom name="ps0267_569-a2c.u68" size="65536" crc="950b007b" sha1="6c68e207e8290506a6d1c1b0d92daf0e6468c582" />
	</machine>
	<machine name="peps0271">
		<description>Player's Edge Plus (PS0271) Spin Til You Win Slots</description>
		<year>1996</year>
		<manufacturer>IGT - International Game Technology</manufacturer>
		<rom name="ps0271_569-a2c.u68" size="65536" crc="565740c6" sha1="b85676fac4dc7e317e16c3ddde7d10223506dce9" />
	</machine>
	<machine name="peps0275a">
		<description>Player's Edge Plus (PS0275) 4th of July Slots (set 2)</description>
		<year>1996</year>
		<manufacturer>IGT - International Game Technology</manufacturer>
		<rom name="ps0275_560-957.u68" size="65536" crc="453a5da5" sha1="5b44075cf5e99ab370150a3dffc32052640adcd1" />
	</machine>
	<machine name="peps0275">
		<description>Player's Edge Plus (PS0275) 4th of July Slots (set 1)</description>
		<year>1996</year>
		<manufacturer>IGT - International Game Technology</manufacturer>
		<rom name="ps0275_571-a3h.u68" size="65536" crc="711fbd0d" sha1="32f6609a96e5a8baf9157cdae0cde39baae12510" />
	</machine>
	<machine name="peps0280">
		<description>Player's Edge Plus (PS0280) 4th of July Slots (set 1)</description>
		<year>1996</year>
		<manufacturer>IGT - International Game Technology</manufacturer>
		<rom name="ps0280_571-a3h.u68" size="65536" crc="752eb09e" sha1="551da5a1f1abcdcc25e84e25fdd8ca3264e9ac0a" />
	</machine>
	<machine name="peps0291">
		<description>Player's Edge Plus (PS0291) Haywire Slots</description>
		<year>1996</year>
		<manufacturer>IGT - International Game Technology</manufacturer>
		<rom name="ps0291_569-a2c.u68" size="65536" crc="55b8e2a1" sha1="8eca96c82cbcaff4638526a2b63ff596bfa15f0c" />
	</machine>
	<machine name="peps0623">
		<description>Player's Edge Plus (PS0623) Black Cherry Slots</description>
		<year>1996</year>
		<manufacturer>IGT - International Game Technology</manufacturer>
		<rom name="cap2249.u50" size="256" crc="26948c31" sha1="5c275734dd63e61850d91d80b85f9bb632de727a" />
		<rom name="mbo-cg2249.u74" size="32768" crc="50a39609" sha1="8d8d41eaa8a0dcfe1c66bc2c99bd46bc2bfe7cb6" />
		<rom name="mgo-cg2249.u73" size="32768" crc="6b9af992" sha1="d30e9857cd5d02bc7cc8696857cb49e88a9210cc" />
		<rom name="mro-cg2249.u72" size="32768" crc="f0dceb36" sha1="c592584c5a8bcda2a16930e6cd4bbafceed53cf2" />
		<rom name="mxo-cg2249.u75" size="32768" crc="ef2fca09" sha1="25e5104cb1b1ec6191e6ef5ce7c0c74960bcc327" />
		<rom name="ps0623_586-a6c.u68" size="65536" crc="adb18dca" sha1="4695fccc456a4460b8f5e5cd0eb5bc4bbf77ff88" />
	</machine>
	<machine name="puyomedal">
		<description>Puyo Puyo! The Medal Edition</description>
		<year>2009</year>
		<manufacturer>Sega</manufacturer>
		<rom name="317-0568-jpn.ic15" size="2048" crc="313e6987" sha1="9bec2a2806e4ba018518b9f3cc157c35d08a0490" />
		<rom name="ic62" size="67108864" crc="4fcfb8c7" sha1="d1e7dfe7ff95d433c24a27befbb81de2a3527203" />
	</machine>
	<machine name="rx15">
		<description>RX15 Digital Rhythm Programmer</description>
		<year>1984</year>
		<manufacturer>Yamaha</manufacturer>
		<rom name="yamaharx15_v1-0_hn27128ag.bin" size="16384" crc="0ca8e3d4" sha1="d09cdb3686b15603660abec49848ef451005be62" />
	</machine>
	<machine name="sf2049se">
		<description>San Francisco Rush 2049: Special Edition</description>
		<year>2003</year>
		<manufacturer>Atari Games</manufacturer>
		<rom name="352_rush_2049_se.u18" size="4103" crc="6120c20d" sha1="9bd76514de261aa7957f896c1ea0b3f91d4cb5d6" />
	</machine>
	<machine name="sf2049">
		<description>San Francisco Rush 2049</description>
		<year>1999</year>
		<manufacturer>Atari Games</manufacturer>
		<rom name="336_rush_2049.u18" size="4096" crc="e258c3ff" sha1="c78f739638a0775e4075c6a460c70dafbcf08fd5" />
	</machine>
	<machine name="sfrush">
		<description>San Francisco Rush (boot rom L 1.0)</description>
		<year>1996</year>
		<manufacturer>Atari Games</manufacturer>
		<rom name="315_sf_rush.u96" size="4096" crc="e3527a3a" sha1="5e556e6dfd87df5a895bdf4bd7f77708ac327db7" />
	</machine>
	<machine name="sfrushrk">
		<description>San Francisco Rush: The Rock (boot rom L 1.0, GUTS Oct 6 1997 / MAIN Oct 16 1997)</description>
		<year>1997</year>
		<manufacturer>Atari Games</manufacturer>
		<rom name="331_rush_the_rock.u96" size="4096" crc="425155b6" sha1="4ec5471d8ede6154322e9dc6de372b8f4686e11b" />
	</machine>
	<machine name="sogeki">
		<description>Sogeki (ver JAA)</description>
		<year>2001</year>
		<manufacturer>Konami</manufacturer>
		<rom name="ds2430.u3" size="40" crc="771d8256" sha1="afd89ae2d196fe40174bba46581d1eb5c2302932" />
	</machine>
	<machine name="sonic3mb">
		<description>Sonic The Hedgehog 3 (bootleg of Megadrive version)</description>
		<year>1993</year>
		<manufacturer>bootleg / Sega</manufacturer>
		<rom name="sonic3-1.bin" size="524288" crc="cee2f679" sha1="4cc7a8a228f7fc4f7a38c69a65585765751a49e5" />
		<rom name="sonic3-2.bin" size="524288" crc="02232f45" sha1="8cdcb156603108ac9d3ef888f75adb5327abce1a" />
		<rom name="sonic3-3.bin" size="524288" crc="1898479f" sha1="5f1c581157959e11979882d2180ae4b98c6a89d5" />
		<rom name="sonic3-4.bin" size="524288" crc="b7318bb8" sha1="1707b563794c3ab4a1f04cb449efdd6f817317fb" />
	</machine>
	<machine name="srmvs">
		<description>Super Real Mahjong VS (Rev A)</description>
		<year>1999</year>
		<manufacturer>Seta</manufacturer>
		<rom name="nus-zsej-1.u2" size="33554432" crc="dd7dd81f" sha1="ff020fa957a11bf0f18819d16a010f51b4a4cda4" />
	</machine>
	<machine name="sscopex">
		<description>Silent Scope EX (ver UAA)</description>
		<year>2001</year>
		<manufacturer>Konami</manufacturer>
		<rom name="ds2430.u3" size="40" crc="427a65ef" sha1="745e951715ece9f60898b7ed4809e69558145d2d" />
	</machine>
	<machine name="supmodl2">
		<description>Super Model II</description>
		<year>1997</year>
		<manufacturer>Comad</manufacturer>
		<rom name="3_i-scr7.ue20a" size="524288" crc="d2bb19ef" sha1="b8dee4c64915ae9d7e3a79a0d32f692f5e2a0d06" />
		<rom name="4_i-scr5.ue14a" size="524288" crc="d1c9155c" sha1="9d50e0875feab77a91cc1d8fe575ad6361bfada2" />
		<rom name="5_i-scr3.ue15a" size="524288" crc="3e9bd17a" sha1="cbbd90120fe9504eac05bb6c8f38d16b44d8b475" />
		<rom name="6_i-scr1.ue16a" size="524288" crc="d56cac96" sha1="31fe266ba6abbd51ed7ff6089ebc86e528ac249a" />
		<rom name="7_prog1.ud17" size="524288" crc="0d9253a7" sha1="2c7e84bfbf648c22acf76dbfcbb9e2416225abc9" />
		<rom name="8_i-scr8.ue20b" size="524288" crc="7ffe761e" sha1="63d0b6e3e34a465e038f8f96ae5f3f1e3666aaaa" />
		<rom name="9_i-scr6.ue14b" size="524288" crc="d21355dc" sha1="f449f6b2c815453545a798e6d7081327b8c1677c" />
		<rom name="10_i-scr4.ue15b" size="524288" crc="aa85a247" sha1="6508c0f8b1bc397599ecb0ae5c9a9ebcc532bdd8" />
		<rom name="11_i-scr2.ue16b" size="524288" crc="b836c1f3" sha1="56c611313336dbb0ebcdba42ba73c5738ca7c8d7" />
		<rom name="12_prog2.ue17" size="524288" crc="9107f65d" sha1="c66c1cfeae2afc5a1bf0d6385291592c0f9b1578" />
	</machine>
	<machine name="ti99_whtscsi" isdevice="yes" runnable="no">
		<description>Western Horizon Technologies SCSI host adapter</description>
		<rom name="scsidsr150.u6" size="65536" crc="6e067c22" sha1="f8d8861863e6a17042428e94967fd4ffc4b9d1de" />
	</machine>
	<machine name="tsconf">
		<description>ZX Evolution TS-Configuration</description>
		<year>2011</year>
		<manufacturer>NedoPC, TS-Labs</manufacturer>
		<rom name="ts-bios.rom" size="65536" crc="b060b0d9" sha1="820d3539de115141daff220a3cb733fc880d1bab" />
	</machine>
</datafile>