<?xml version="1.0" encoding="utf-8"?>
<!DOCTYPE datafile PUBLIC "-//Logiqx//DTD ROM Management Datafile//EN" "http://www.logiqx.com/Dats/datafile.dtd">
<datafile>
	<header>
		<name>HBMAME - Update ROMs (v0.238 to v0.239)</name>
		<description>HBMAME - Update ROMs (v0.238 to v0.239)</description>
		<version></version>
		<author></author>
	</header>
	<machine name="pc_ark">
		<description>Arkanoid (PlayChoice-10)</description>
		<year>2002</year>
		<manufacturer>NES-&gt;PC-10</manufacturer>
		<rom name="pch1-c__8t_e-1.8t" size="16384" crc="88a8f87e" sha1="d1d7ffe68d2e7aa2faf8ad41a7ec8421265ede42" />
	</machine>
	<machine name="sdojak">
		<description>DoDonPachi SaiDaiOuJou &amp; Knuckles (2021/12/01)</description>
		<year>2021</year>
		<manufacturer>CaveDwellers</manufacturer>
		<rom name="sdojak.u2" size="138412032" crc="54353425" sha1="5c749cd2e93a1b51bfdf1a0d4fd436b4d17acf9f" />
		<rom name="sdojak.u4" size="4194304" crc="a878ff4c" sha1="cf5f2f987a775099992009c376466c44170e0e3f" />
		<rom name="sdojak.u23" size="4194304" crc="32b91544" sha1="49e914bfdf33a328fbfa7efb42c5b89915e37643" />
		<rom name="sdojak.u24" size="4194304" crc="7b9e749f" sha1="374085a60098cc62501abae4d148bfd88c88149f" />
	</machine>
	<machine name="sfa3ce">
		<description>Street Fighter Alpha 3 Challenger's Edition</description>
		<year>2021</year>
		<manufacturer>Grego and Gnawtor</manufacturer>
		<rom name="sfa3ce.03" size="524288" crc="e6a3c330" sha1="39c5c9219e9c974b861c1bc083e142b2db811d25" />
		<rom name="sfz3ce.04" size="524288" crc="78650280" sha1="d9c2a4a8f4dc076d5a8b6db612270e6d30618f6f" />
		<rom name="sz3ce.09c" size="524288" crc="8353dae0" sha1="b6fd70d95ed5180e4fa953b30f3668b64a24343a" />
		<rom name="sz3ce.13m" size="4194304" crc="d941f463" sha1="fae09d5d29ef3d9650440e589ac574c98f20b899" />
		<rom name="sz3ce.15m" size="4194304" crc="d25f4fbf" sha1="dee478f694c11f2ab17821f471ed2ed270d5d113" />
		<rom name="sz3ce.17m" size="4194304" crc="5c210d31" sha1="27e6f75640f1a8b06e23b820fdfcb22728d517cc" />
		<rom name="sz3ce.19m" size="4194304" crc="a0b6f359" sha1="4e053f29fda3211d7356d3af8005ad195b199c2f" />
	</machine>
	<machine name="sfz3ce">
		<description>Street Fighter Zero 3 Challenger's Edition</description>
		<year>2021</year>
		<manufacturer>Grego and Gnawtor</manufacturer>
		<rom name="sfz3ce.03" size="524288" crc="1e369ac2" sha1="a07df805c49953316d5d9d180eff249d194cf097" />
	</machine>
	<machine name="xeno">
		<description>Xeno Crisis v1.0.0</description>
		<year>2019</year>
		<manufacturer>Bitmap Bureau</manufacturer>
		<rom name="810.c1" size="2097152" crc="ae51ef89" sha1="da82214263a99520364a2b7ab8140bdc68940f6d" />
		<rom name="810.c2" size="2097152" crc="a8610100" sha1="aded6eaa17a518a8f4af9c3779c41ef8dd32a316" />
		<rom name="810.m1" size="65536" crc="28c13ed9" sha1="a3c8cf36906293a24f1ed49376c9d561560d2730" />
		<rom name="810.p1" size="1048576" crc="637605a6" sha1="179ebcdeaac3e561fd7acb72022eda8c3c74cb8a" />
		<rom name="810.p2" size="1048576" crc="84838145" sha1="c1f48d333dfc85b9371f811dd449a42d8cdecf3f" />
		<rom name="810.s1" size="131072" crc="7537ea79" sha1="b7242a6dd7b2ad8ccf7a223c08d626abf013f366" />
		<rom name="810.v1" size="16777216" crc="60d57867" sha1="e1f3f759b4af4404f19dd5b75135e6968b6be3c5" />
	</machine>
</datafile>