<?xml version="1.0" encoding="utf-8"?>
<!DOCTYPE datafile PUBLIC "-//Logiqx//DTD ROM Management Datafile//EN" "http://www.logiqx.com/Dats/datafile.dtd">
<datafile>
	<header>
		<name>ibm5170_cdrom</name>
		<description>IBM PC/AT CD-ROM images</description>
		<version></version>
		<author></author>
	</header>
	<machine name="alienodu">
		<description>Alien Odyssey (US)</description>
		<year>1995</year>
		<publisher>Philips / Argonaut Software LTD</publisher>
		<disk name="310691059-2" sha1="4db3c0e2559d0b56c620ad34895d504f2cde5128" />
	</machine>
	<machine name="ignition">
		<description>Ignition (US)</description>
		<year>1997</year>
		<publisher>Interplay</publisher>
		<disk name="cd-c95-1063-0" sha1="48bad304857689acb3fc7fcc9e22c2c7e9d8b45f" />
	</machine>
	<machine name="skynet">
		<description>SkyNET</description>
		<year>1996</year>
		<publisher>Bethesda Softworks</publisher>
		<disk name="skynet" sha1="0b9059f48d86c651bcd0e8b8112983b84fc489a6" />
	</machine>
	<machine name="t2gmchess">
		<description>Terminator 2: Judgment Day - Chess Wars / Grandmaster Chess</description>
		<year>1993</year>
		<publisher>Capstone Software</publisher>
		<disk name="t2_cdrom" sha1="9bbb9362fe6a4895c7b1e3e34c179fdd7436c070" />
	</machine>
	<machine name="term2029dx">
		<description>The Terminator: 2029 - Deluxe CD Edition</description>
		<year>1994</year>
		<publisher>Bethesda Softworks</publisher>
		<disk name="2029_cd" sha1="8bcadedb9f8f24b699a0847edcb1bc1fa1222b7a" />
	</machine>
	<machine name="termfs">
		<description>The Terminator: Future Shock</description>
		<year>1995</year>
		<publisher>Bethesda Softworks</publisher>
		<disk name="future_shock" sha1="db390639f1c7ae57f1aa43083bdd37c08c3e3e10" />
	</machine>
	<machine name="termramp">
		<description>The Terminator: Rampage</description>
		<year>1997</year>
		<publisher>Bethesda Softworks</publisher>
		<disk name="rampage" sha1="cb91ee2e34e3b7391169079d6787c75712b1d97f" />
	</machine>
</datafile>