<?xml version="1.0" encoding="utf-8"?>
<!DOCTYPE datafile PUBLIC "-//Logiqx//DTD ROM Management Datafile//EN" "http://www.logiqx.com/Dats/datafile.dtd">
<datafile>
	<header>
		<name>apple2_flop_clcracked</name>
		<description>Apple II cleanly cracked disks</description>
		<version></version>
		<author></author>
	</header>
	<machine name="amazwrds">
		<description>A-mazing Words (cleanly cracked)</description>
		<year>1985</year>
		<publisher>World Book</publisher>
		<rom name="a-mazing words (4am crack).dsk" size="143360" crc="2e7829ee" sha1="557999bc8ccdbd21dddd825f59ab3947dd02c62f" />
	</machine>
	<machine name="apprjmng">
		<description>Apple Project Manager (cleanly cracked)</description>
		<year>1981</year>
		<publisher>Apple Computer</publisher>
		<rom name="apple project manager (4am and san inc crack).dsk" size="143360" crc="79938529" sha1="2f40683ae298275384efde772c964926d480d279" />
	</machine>
	<machine name="chcougk0386">
		<description>Chariots, Cougars, and Kings (Version 03.12.86) (cleanly cracked)</description>
		<year>1985</year>
		<publisher>Hartley Courseware</publisher>
		<rom name="chariots, cougars, and kings v03.12.86 (4am crack) disk 1.dsk" size="143360" crc="231d0e3c" sha1="92274c01c9e2d91a948189a2dbffc82ac6404f3b" />
		<rom name="chariots, cougars, and kings v03.12.86 (4am crack) disk 2.dsk" size="143360" crc="9ada44e6" sha1="c49515ef61a84c089484f667909017724edf6330" />
	</machine>
	<machine name="circanal">
		<description>Circuit Analysis (cleanly cracked)</description>
		<year>1981</year>
		<publisher>Apple Computer</publisher>
		<rom name="circuit analysis (4am and san inc crack).dsk" size="143360" crc="1d08e594" sha1="eb5a42525698dfe3405d854a28d3eeea28f46af6" />
	</machine>
	<machine name="divdecim">
		<description>Dividing Decimals (Version 1.1) (cleanly cracked)</description>
		<year>1985</year>
		<publisher>Microcomputer Workshops</publisher>
		<rom name="dividing decimals v1.1 (4am crack).dsk" size="143360" crc="0c8442b6" sha1="d3a9e45e956f4eade3c52baee721c92574782524" />
	</machine>
	<machine name="galwars">
		<description>Galactic Wars (cleanly cracked)</description>
		<year>1980</year>
		<publisher>Apple Computer</publisher>
		<rom name="galactic wars (4am and san inc crack).dsk" size="143360" crc="66060987" sha1="30a57570e11615285bc953fd7b61305922173a30" />
	</machine>
	<machine name="lgwrkout">
		<description>Logic Workout (cleanly cracked)</description>
		<year>1983</year>
		<publisher>Avant Garde</publisher>
		<rom name="logic workout (4am crack).dsk" size="143360" crc="32c5c3ca" sha1="bdad70d5ff6bba01cf8706f1e224496b98f58bd3" />
	</machine>
	<machine name="mghtmath">
		<description>Mighty Math (cleanly cracked)</description>
		<year>1985</year>
		<publisher>World Book</publisher>
		<rom name="mighty math (4am crack).dsk" size="143360" crc="cde288ce" sha1="f1eadcf76376196ebfd65e5921c71293549a2bf3" />
	</machine>
	<machine name="moonmadn">
		<description>Moonlight and Madness Level II (Version 04.19.88) (cleanly cracked)</description>
		<year>1988</year>
		<publisher>Hartley Courseware</publisher>
		<rom name="moonlight and madness ii v04.19.88 (4am crack) disk 1.dsk" size="143360" crc="885b9d0c" sha1="011b113410e9a4560b9093ceae39e6fd88d99996" />
		<rom name="moonlight and madness ii v04.19.88 (4am crack) disk 2.dsk" size="143360" crc="63f7d986" sha1="2fb30f458f67ff9a10c7dd66566302bd6741cbf3" />
		<rom name="moonlight and madness ii v04.19.88 (4am crack) disk 3.dsk" size="143360" crc="96df05d5" sha1="df6ea407fef43236841ccaeceb428fcd7464e1ad" />
	</machine>
	<machine name="nmbrball">
		<description>Numberball (cleanly cracked)</description>
		<year>1994</year>
		<publisher>Micrograms</publisher>
		<rom name="numberball (4am crack).dsk" size="143360" crc="bd983ba9" sha1="73da61404aa405fd65616a957ef75ffc12f6af04" />
	</machine>
	<machine name="perpanic">
		<description>Percentage Panic (cleanly cracked)</description>
		<year>1987</year>
		<publisher>Unicorn Software</publisher>
		<rom name="percentage panic (4am crack).dsk" size="143360" crc="c08e9e70" sha1="394db18625440ffaa5d5af43082da48c29283689" />
	</machine>
	<machine name="pfsfilea00">
		<description>PFS:File (Version A.00) (cleanly cracked)</description>
		<year>1983</year>
		<publisher>Software Publishing Corporation</publisher>
		<rom name="pfs file va.00 (4am crack).dsk" size="143360" crc="49980399" sha1="14451182f9d319d2c08a7f7fd68aec10654299b1" />
	</machine>
	<machine name="puncscma">
		<description>Punctuation Skills: Commas (cleanly cracked)</description>
		<year>1983</year>
		<publisher>Milton Bradley Company</publisher>
		<rom name="punctuation skills- commas (4am crack).dsk" size="143360" crc="80b23835" sha1="58aaef40d5eb61bc08cb574975b340ac118eb835" />
	</machine>
	<machine name="spacport">
		<description>Space Port (cleanly cracked)</description>
		<year>1984</year>
		<publisher>World Book</publisher>
		<rom name="space port (4am crack).dsk" size="143360" crc="6c3ecdef" sha1="a51d6534737b539448dd8ea36999e0e4305d53fa" />
	</machine>
	<machine name="takenrth">
		<description>Take Me North (cleanly cracked)</description>
		<year>1985</year>
		<publisher>World Book</publisher>
		<rom name="take me north (4am crack).dsk" size="143360" crc="956ec497" sha1="8b6e02aef35c165b742efc7b0a4d96573a9e4309" />
	</machine>
	<machine name="wrdplayr">
		<description>Word-Player (cleanly cracked)</description>
		<year>1985</year>
		<publisher>World Book</publisher>
		<rom name="word-player (4am crack).dsk" size="143360" crc="4aa95a21" sha1="3f99eb15c8adc83895f9ec1e8c38d2624907e6b5" />
	</machine>
</datafile>