<?xml version="1.0" encoding="utf-8"?>
<!DOCTYPE datafile PUBLIC "-//Logiqx//DTD ROM Management Datafile//EN" "http://www.logiqx.com/Dats/datafile.dtd">
<datafile>
	<header>
		<name>apple2_flop_orig</name>
		<description>Apple II original disks</description>
		<version></version>
		<author></author>
	</header>
	<machine name="aliwzo35">
		<description>Alice in Wonderland and The Wizard of Oz (800K 3.5")</description>
		<year>1992</year>
		<publisher>Queue</publisher>
		<rom name="alice in wonderland and the wizard of oz 800k.woz" size="1296185" crc="89419cd5" sha1="ad0600952f5a2f40d2c1ba26f454119f3dd7e100" />
	</machine>
	<machine name="animat35">
		<description>Animals with an Attitude (800K 3.5")</description>
		<year>1992</year>
		<publisher>Queue</publisher>
		<rom name="animals with an attitude 800k.woz" size="1296169" crc="4bed154c" sha1="10fccbcc82125350fda57bace75c1ddbe9ed47a8" />
	</machine>
	<machine name="bbatlm35">
		<description>Beauty and the Beast and The Little Mermaid (800K 3.5")</description>
		<year>1992</year>
		<publisher>Queue</publisher>
		<rom name="beauty and the beast and the little mermaid 800k.woz" size="1296188" crc="4a2ad616" sha1="677828388d399ba055587c6db6a2c2915ff87873" />
	</machine>
	<machine name="bbmcac35">
		<description>Big Book Maker: Cute and Cuddly (800K 3.5")</description>
		<year>1992</year>
		<publisher>Queue</publisher>
		<rom name="big book maker- cute and cuddly 800k.woz" size="1296174" crc="c2a0e20e" sha1="e41e2142880348ae3520c147d2937f0badcbe1b3" />
	</machine>
	<machine name="bbmfgy35">
		<description>Big Book Maker: Feeling Good About Yourself (800K 3.5")</description>
		<year>1992</year>
		<publisher>Queue</publisher>
		<rom name="big book maker- feeling good about yourself 800k.woz" size="1296188" crc="2f5b800f" sha1="0ed862a3896f34ec5b35cec08cb25eeaf9481588" />
	</machine>
	<machine name="bbmlns35">
		<description>Big Book Maker: Letters, Numbers, Shapes (800K 3.5")</description>
		<year>1992</year>
		<publisher>Queue</publisher>
		<rom name="big book maker- letters, numbers, shapes 800k.woz" size="1296185" crc="48ae97fa" sha1="58ef07f6485d0e05ee4f87477cabc797b520b60a" />
	</machine>
	<machine name="bbmlp35">
		<description>Big Book Maker: Let's Pretend (800K 3.5")</description>
		<year>1992</year>
		<publisher>Queue</publisher>
		<rom name="big book maker- let's pretend 800k.woz" size="1296174" crc="621eb931" sha1="356d287c3a079d2121c7739e0e6cfe4a1a7a5487" />
	</machine>
	<machine name="bbmmal35">
		<description>Big Book Maker: Myths and Legends (800K 3.5")</description>
		<year>1992</year>
		<publisher>Queue</publisher>
		<rom name="big book maker- myths and legends 800k.woz" size="1296176" crc="1b4bf1af" sha1="348b412fdffae8d6dea20cffcf2b83c2347f2425" />
	</machine>
	<machine name="bbmque35">
		<description>Big Book Maker: Quentin (800K 3.5")</description>
		<year>1992</year>
		<publisher>Queue</publisher>
		<rom name="big book maker- quentin 800k.woz" size="1296168" crc="630bc219" sha1="ef27a456a84620bff2c4dee6fc3e70f4e3afe694" />
	</machine>
	<machine name="bbmtaaft35">
		<description>Big Book Maker: Tall Tales and American Folk Heroes (800K 3.5")</description>
		<year>1992</year>
		<publisher>Queue</publisher>
		<rom name="big book maker- tall tales and american folk heroes 800k.woz" size="1296194" crc="165b8b53" sha1="87b099520000e5327b8750ec84167fe1a27ca315" />
	</machine>
	<machine name="bckydbrd35">
		<description>Backyard Birds (Version 1.0) (800K 3.5")</description>
		<year>1989</year>
		<publisher>MECC</publisher>
		<rom name="backyard birds 800k.woz" size="1345386" crc="1929bb55" sha1="12a3cee293e0d96e7bf4d2928ef1dd14e60a8514" />
	</machine>
	<machine name="bglwrt3235">
		<description>BeagleWrite (Version 3.2) (800K 3.5")</description>
		<year>1989</year>
		<publisher>Beagle Bros.</publisher>
		<rom name="beaglewrite 800k.woz" size="1296189" crc="28e4d42c" sha1="dfc62035d947a81e6eb5fe56054781fa20dacb33" />
	</machine>
	<machine name="bswrtrpl">
		<description>Bank Street Writer Plus (800K 3.5")</description>
		<year>1989</year>
		<publisher>Broderbund Software</publisher>
		<rom name="bank street writer plus 800k.woz" size="1296168" crc="731364bd" sha1="d7e9d1e9c777b8123c607cee5ec16435d24cec32" />
	</machine>
	<machine name="clckwrks">
		<description>Clock Works (Version 1.0) (800K 3.5")</description>
		<year>1986</year>
		<publisher>MECC</publisher>
		<rom name="clock works 800k.woz" size="1345302" crc="10213777" sha1="9d854320f839c567d42448d8925b648ece7b0e31" />
	</machine>
	<machine name="crmneu35">
		<description>Where in Europe is Carmen Sandiego? (800K 3.5")</description>
		<year>1988</year>
		<publisher>Broderbund Software</publisher>
		<rom name="where in europe is carmen sandiego 800k.woz" size="1296763" crc="549ffd83" sha1="d6350738f600af581e5dc598aa8a90f8ee47bcf1" />
	</machine>
	<machine name="dinodypl35">
		<description>Dinosaur Days Plus! (800K 3.5")</description>
		<year>1988</year>
		<publisher>Queue</publisher>
		<rom name="dinosaur days plus 800k - disk 1 - program disk.woz" size="1296187" crc="06b40e00" sha1="6d35443ca094501873dc1b327c9f2de93af22c8c" />
		<rom name="dinosaur days plus 800k - disk 2 - learning disk.woz" size="1296188" crc="c5319f5d" sha1="1584a8d69a4c4ffa603a8651c83c2fe9e8913dd3" />
	</machine>
	<machine name="dskorg26">
		<description>Disk Organizer (Version 2.6)</description>
		<year>1982</year>
		<publisher>Sensible Software</publisher>
		<rom name="disk organizer.woz" size="114981" crc="30895055" sha1="1dadfd95788019e35948f4e0889bfa3f22c58720" />
	</machine>
	<machine name="dyohint35">
		<description>Design Your Own Home: Interior Design (Version 2) (800K 3.5")</description>
		<year>1986</year>
		<publisher>Abracadata</publisher>
		<rom name="design your own home- interior design 800k.woz" size="1328956" crc="ebf6df6d" sha1="a96f934d6f416fb98ed93903b6597c01ec6f5417" />
	</machine>
	<machine name="eddupl44">
		<description>Essential Data Duplicator (Version 4.4)</description>
		<year>1986</year>
		<publisher>Utilico Microware</publisher>
		<rom name="essential data duplicator v4.4.woz" size="106863" crc="a50ae8ed" sha1="c3f6a000171af417c81af7d47c81dc7f1d2026f7" />
	</machine>
	<machine name="jbird">
		<description>J-Bird</description>
		<year>1983</year>
		<publisher>Orion Software</publisher>
		<rom name="j-bird.woz" size="234788" crc="98debcd8" sha1="f22a533197f895a950cdb04965a20a09d073ca54" />
	</machine>
	<machine name="mathb35">
		<description>Math Blaster! (Version 06.01.87) (800K 3.5")</description>
		<year>1983</year>
		<publisher>Davidson and Associates</publisher>
		<rom name="math blaster 800k.woz" size="1328983" crc="800e565e" sha1="a490cc0adfeb5206657436ab635edd5846e1e80c" />
	</machine>
	<machine name="mathme1635">
		<description>Math and Me (Version 1.6) (800K 3.5")</description>
		<year>1988</year>
		<publisher>Davidson and Associates</publisher>
		<rom name="math and me v1.6 800k.woz" size="1296160" crc="7b21f4c3" sha1="ffcadcec7f45021c1a694e704ddc167896cbcb7f" />
	</machine>
	<machine name="mbmst1335">
		<description>Math Blaster Mystery (Version 1.3) (800K 3.5")</description>
		<year>1989</year>
		<publisher>Davidson and Associates</publisher>
		<rom name="math blaster mystery v1.3 800k.woz" size="1296755" crc="f8e33137" sha1="065496edb5d9295aee6648dc61c1673170f0d44e" />
	</machine>
	<machine name="mcaricr35v1">
		<description>Arithmetic Critters (Version 1.0) (800K 3.5")</description>
		<year>1986</year>
		<publisher>MECC</publisher>
		<rom name="arithmetic critters 800k.woz" size="1345310" crc="74b14b19" sha1="7b7eeb909cbdc1de88a346d2657429c82fda17c8" />
	</machine>
	<machine name="mthblpls3735">
		<description>Math Blaster Plus! (Version 3.7) (800K 3.5")</description>
		<year>1989</year>
		<publisher>Davidson and Associates</publisher>
		<rom name="math blaster plus v3.7 800k.woz" size="1328988" crc="fa6eebf3" sha1="985f733c100d6131b2dbe6b9bce00f0e0844280b" />
	</machine>
	<machine name="nibaw2c3">
		<description>Nibbles Away ][ (Version C3)</description>
		<year>1983</year>
		<publisher>COMPUTER:applications</publisher>
		<rom name="nibbles away ][.woz" size="146764" crc="db6d9e93" sha1="8729a7c7e69d74bb474a96e14a36a8b2fe0c085f" />
	</machine>
	<machine name="ouatpp35">
		<description>Once Upon A Time... Puppet Playhouse (800K 3.5")</description>
		<year>1991</year>
		<publisher>Compu-Teach</publisher>
		<rom name="once upon a time... puppet playhouse.woz" size="1296154" crc="4582a913" sha1="774e12114f5573b7a95d56a82c8d67861a9d6f7a" />
	</machine>
	<machine name="playroom">
		<description>The Playroom (Version 1.0) (800K 3.5")</description>
		<year>1989</year>
		<publisher>Broderbund Software</publisher>
		<rom name="the playroom 800k.woz" size="1296725" crc="10097dce" sha1="3c7b60daa0ae07bee2289cea5f6b4d2ef0c4dcad" />
	</machine>
	<machine name="rampag35">
		<description>Rampage (800K 3.5")</description>
		<year>1988</year>
		<publisher>Activision</publisher>
		<rom name="rampage 800k.woz" size="1312568" crc="b4d75ac9" sha1="c492d0e293e493d6daad94517a257f7f1a3cd4f1" />
	</machine>
	<machine name="rdnrl1135">
		<description>Read 'N Roll (Version 1.1) (800K 3.5")</description>
		<year>1988</year>
		<publisher>Davidson and Associates</publisher>
		<rom name="read n roll v1.1 800k.woz" size="1329010" crc="e53d2298" sha1="f9ce50d2e01b5b8ca997b358756da5f0bac0d7f9" />
	</machine>
	<machine name="rhapp35">
		<description>Robin Hood and Peter Pan (800K 3.5")</description>
		<year>1992</year>
		<publisher>Queue</publisher>
		<rom name="robin hood and peter pan 800k.woz" size="1296169" crc="fa681449" sha1="4dfe12a419d305baee700410df442b5a02983fde" />
	</machine>
	<machine name="robwrp35">
		<description>Robot Writer Plus! (800K 3.5")</description>
		<year>1988</year>
		<publisher>Queue</publisher>
		<rom name="robot writer plus 800k.woz" size="1296163" crc="679596fc" sha1="3edc0320e88612c4acc18bb58f5121189326e024" />
	</machine>
	<machine name="scruples">
		<description>A Question of Scruples</description>
		<year>1987</year>
		<publisher>Leisure Genius</publisher>
		<rom name="a question of scruples - disk a (program disk).woz" size="234838" crc="8d6b5e39" sha1="fc05cbe47accd7359e439e7bab276e73253ab458" />
		<rom name="a question of scruples - disk b (questions disk).woz" size="234840" crc="e06d7439" sha1="e79bb730be5b7c5455a34c5e1538fc10e24e37ef" />
	</machine>
	<machine name="sdiskc38">
		<description>Super Disk Copy (Version 3.8)</description>
		<year>1981</year>
		<publisher>Sensible Software</publisher>
		<rom name="super disk copy v3.8.woz" size="55072" crc="0981c164" sha1="cd957476e7ac4fe1dfded3dd9c1f9e8d3a75a4b8" />
	</machine>
	<machine name="spelit35">
		<description>Spell It! (Version 06.01.87) (800K 3.5")</description>
		<year>1984</year>
		<publisher>Davidson and Associates</publisher>
		<rom name="spell it 800k.woz" size="1328979" crc="e4bbc951" sha1="f443cb280b267e0b176faa285fb6167b2e72deda" />
	</machine>
	<machine name="spelitps35">
		<description>Spell It Plus! (800K 3.5")</description>
		<year>1989</year>
		<publisher>Davidson and Associates</publisher>
		<rom name="spell it plus 800k.woz" size="1296218" crc="12943fe4" sha1="fc672aaaaacb195229719107eaaaf36b6feb127d" />
	</machine>
	<machine name="stardanc">
		<description>Star Dance</description>
		<year>1981</year>
		<publisher>United Software of America</publisher>
		<rom name="star dance.woz" size="101683" crc="61551723" sha1="fb89e011fff5dccc442362ace2b526d3a9a36816" />
	</machine>
	<machine name="suprprnt">
		<description>SuperPrint! (Version 1.4) (800K 3.5")</description>
		<year>1987</year>
		<publisher>Pelican Software</publisher>
		<rom name="superprint 800k.woz" size="1296709" crc="aa173e19" sha1="50666697478bbfb7b80819fbc6b368c1111eb3ad" />
	</machine>
	<machine name="trlspmth">
		<description>Troll Sports Math (800K 3.5")</description>
		<year>1991</year>
		<publisher>Troll Associates</publisher>
		<rom name="troll sports math 800k.woz" size="1296307" crc="66c531ac" sha1="4313b2cecab98701fac6c6724013fd2cc3908a06" />
	</machine>
	<machine name="trntrn35">
		<description>Transportation Transformation (800K 3.5")</description>
		<year>1991</year>
		<publisher>Queue</publisher>
		<rom name="transportation transformation 800k.woz" size="1296174" crc="94438087" sha1="3099da49bc32f225b7edc0922593fa4485c523dc" />
	</machine>
	<machine name="wargle">
		<description>Wargle!</description>
		<year>1982</year>
		<publisher>Hayden Book Company</publisher>
		<rom name="wargle.woz" size="234778" crc="1206aa31" sha1="c2431e7f2cbda517edb71d4458fa0e85a36338fb" />
	</machine>
	<machine name="whneigh35">
		<description>The Whole Neighborhood (800K 3.5")</description>
		<year>1991</year>
		<publisher>Queue</publisher>
		<rom name="the whole neighborhood 800k.woz" size="1296167" crc="95299735" sha1="92047c0ac6dd89cf32c12f14cfd23bc28fec9e18" />
	</machine>
</datafile>