<?xml version="1.0" encoding="utf-8"?>
<!DOCTYPE datafile PUBLIC "-//Logiqx//DTD ROM Management Datafile//EN" "http://www.logiqx.com/Dats/datafile.dtd">
<datafile>
	<header>
		<name>c64_cass</name>
		<description>Commodore 64 cassettes</description>
		<version></version>
		<author></author>
	</header>
	<machine name="arcadegi">
		<description>Imagine's Arcade Giants</description>
		<year>1987</year>
		<publisher>Ariolasoft</publisher>
		<rom name="Imagine's_Arcade_Giants_Tape_1_Side_1.tap" size="1365692" crc="2fb74f13" sha1="96358fb670a8cf9cfc2430ae17c2b6a9e76e6316" />
		<rom name="Imagine's_Arcade_Giants_Tape_1_Side_2.tap" size="1411313" crc="06cdc5e7" sha1="8f1a75ba5fb4370451d40d88b550065a6300215e" />
		<rom name="Imagine's_Arcade_Giants_Tape_2_Side_1.tap" size="710931" crc="a1d86ee2" sha1="4337cc03d2cc1505b4704a958f2f0fe6e659cd32" />
		<rom name="Imagine's_Arcade_Giants_Tape_2_Side_2.tap" size="704539" crc="ca77ff01" sha1="ddf2dd6871ec9ffa68978bc939ea90db68d08466" />
	</machine>
	<machine name="eaglnest">
		<description>Into the Eagles Nest</description>
		<year>1987</year>
		<publisher>Pandora</publisher>
		<rom name="Into_the_Eagles_Nest.tap" size="472663" crc="244164df" sha1="a109f574918f004f786559456e07334188fa9856" />
	</machine>
	<machine name="hacker">
		<description>Hacker</description>
		<year>1985</year>
		<publisher>Proein Soft Line</publisher>
		<rom name="Hacker.tap" size="465790" crc="29d05989" sha1="ffbb3626c7e6d6211c2a4bd030479cb282daa6ca" />
	</machine>
	<machine name="hardball">
		<description>HardBall!</description>
		<year>1985</year>
		<publisher>U.S. Gold</publisher>
		<rom name="HardBall.tap" size="1244776" crc="d318ad9e" sha1="fcbf5ac432be98ecc35d5ca793b81e7254d41ad6" />
	</machine>
	<machine name="hardballc">
		<description>HardBall (Compulogical S.A.)</description>
		<year>1985</year>
		<publisher>Compulogical S.A.</publisher>
		<rom name="HardBall.tap" size="1157867" crc="5ca08716" sha1="7f6d8380d8cb515b9fc2db55ffd6dd494781f989" />
	</machine>
	<machine name="hawkeye">
		<description>Hawkeye</description>
		<year>1988</year>
		<publisher>Thalamus</publisher>
		<rom name="Hawkeye_Side_1.tap" size="695287" crc="e8cf55ee" sha1="99f187f60a7e9ba13c662ab37081388c4fab67e1" />
		<rom name="Hawkeye_Side_2.tap" size="1020395" crc="d0780583" sha1="2fc755b0e4f015686c65bda54e3fbd11a559de27" />
	</machine>
	<machine name="headovrho">
		<description>Head Over Heels (Ocean)</description>
		<year>1987</year>
		<publisher>Ocean</publisher>
		<rom name="Head_Over_Heels.tap" size="671515" crc="6e53e768" sha1="ff6e68461bcfee8c960e9f71b32b790a9e9cc9fb" />
	</machine>
	<machine name="heartlnd">
		<description>Heartland</description>
		<year>1986</year>
		<publisher>Odin Computer Graphics</publisher>
		<rom name="Heartland.tap" size="467842" crc="b276fbe2" sha1="9719a23de724d3275cfbb425c0d5c7645f158459" />
	</machine>
	<machine name="heroa">
		<description>H.E.R.O. (Activision)</description>
		<year>1984</year>
		<publisher>Activision</publisher>
		<rom name="H.E.R.O..tap" size="965743" crc="9a67b7cf" sha1="d0ead28f204195999a3b05bbba45a013ecee27a9" />
	</machine>
	<machine name="heroboti">
		<description>Herobotix</description>
		<year>1992</year>
		<publisher>Prism Leisure</publisher>
		<rom name="Herobotix.tap" size="351587" crc="c21aa3dd" sha1="a57b57a6118bec52fc59422a5b2ab6b1dd8c59e0" />
	</machine>
	<machine name="heroqst">
		<description>Hero Quest</description>
		<year>1991</year>
		<publisher>Gremlin Graphics</publisher>
		<rom name="Hero_Quest.tap" size="1393538" crc="bdc2d640" sha1="9a8709bedb0b9a6907ed079886def7c7e69ec155" />
	</machine>
	<machine name="hfro">
		<description>The Hunt for Red October</description>
		<year>1991</year>
		<publisher>Grandslam</publisher>
		<rom name="Hunt_for_Red_October,_The.tap" size="1786163" crc="da736823" sha1="46aa0ec0eabf60e3d6a134cbea7e7939060ae3c6" />
	</machine>
	<machine name="highfron">
		<description>High Frontier</description>
		<year>1987</year>
		<publisher>Activision</publisher>
		<rom name="High_Frontier.tap" size="523491" crc="9776e64b" sha1="988ea83a0b433642da836f941427fc072a6ad297" />
	</machine>
	<machine name="highlndr">
		<description>Highlander</description>
		<year>1986</year>
		<publisher>Ocean</publisher>
		<rom name="Highlander.tap" size="2034089" crc="28300e9a" sha1="94965ea4090e9c41417e230224744aa04ecb0f16" />
	</machine>
	<machine name="highwaye">
		<description>Highway Ecounter</description>
		<year>1986</year>
		<publisher>Gremlin Graphics</publisher>
		<rom name="Highway_Encounter.tap" size="474042" crc="023782aa" sha1="46b59134ad2d6cb858226095de9ea90f17f0d763" />
	</machine>
	<machine name="hitsvol1">
		<description>Hits! Vol 1</description>
		<year>198?</year>
		<publisher>Micropool</publisher>
		<rom name="Hits_Vol_1_Side_1.tap" size="1116590" crc="f1f5523a" sha1="64dc8405b465f9af011173082e85ff199f1e7b25" />
		<rom name="Hits_Vol_1_Side_2.tap" size="1350512" crc="f884c8fa" sha1="c183985207eeb7c42205a0cc83e150655f624b9c" />
	</machine>
	<machine name="hkm">
		<description>Human Killing Machine</description>
		<year>1989</year>
		<publisher>U.S. Gold</publisher>
		<rom name="HKM_[Human_Killing_Machine].tap" size="1175554" crc="a9625d42" sha1="5fba5a29ded93a2649470a24af2347d83ca17c12" />
	</machine>
	<machine name="hobbit">
		<description>The Hobbit</description>
		<year>1985</year>
		<publisher>Melbourne House</publisher>
		<rom name="Hobbit,_The.tap" size="572141" crc="e28be944" sha1="325be34e5d3692f3b3d362475fd40d3f4a199a97" />
		<rom name="Hobbit,_The_a1.tap" size="572114" crc="53713168" sha1="6df1f93eb77523471c0f85f5cd6618c4d013e153" />
	</machine>
	<machine name="hobbita">
		<description>The Hobbit (alt)</description>
		<year>1985</year>
		<publisher>Melbourne House</publisher>
		<rom name="Hobbit,_The.tap" size="360879" crc="c14191d0" sha1="d0dd9d5433d4d015af725cb5cb673dce72aa7b7d" />
	</machine>
	<machine name="hoppinmade">
		<description>Hopping Mad (Elite Systems)</description>
		<year>1988</year>
		<publisher>Elite Systems</publisher>
		<rom name="Hopping_Mad.tap" size="725833" crc="f8911a30" sha1="57d22a2bbb6f0b88d4685416407370f90bb4f4a2" />
	</machine>
	<machine name="hostages">
		<description>Hostages</description>
		<year>1989</year>
		<publisher>Infogrames</publisher>
		<rom name="Hostages.tap" size="1583525" crc="6afb1ca7" sha1="81d66b712335629bd84cd105594d4af8a3607d6f" />
	</machine>
	<machine name="hotshot">
		<description>Hot Shot</description>
		<year>1988</year>
		<publisher>Prism Leisure</publisher>
		<rom name="Hotshot.tap" size="528358" crc="ef67d5d4" sha1="1d208ef6e2e59aa84856d5c2cd152c7d66a9931e" />
	</machine>
	<machine name="hotwheel">
		<description>Hot Wheels</description>
		<year>1985</year>
		<publisher>U.S. Gold</publisher>
		<rom name="Hot_Wheels.tap" size="1384965" crc="f502cf77" sha1="5905f2701936cff4f57c45710f293d188e9305a2" />
	</machine>
	<machine name="housemix">
		<description>The House Mix</description>
		<year>1989</year>
		<publisher>Gremlin Graphics</publisher>
		<rom name="House_Mix,_The_Tape_1_Side_1.tap" size="1319275" crc="3bff5dac" sha1="59c28c7840aff63217b24d56be560c9ffb4643c5" />
		<rom name="House_Mix,_The_Tape_1_Side_2.tap" size="2499470" crc="1f7e2fcc" sha1="879455799e78183fe46646a26bbc43e4ccd12c9e" />
		<rom name="House_Mix,_The_Tape_2_Side_1.tap" size="2333802" crc="bfaa56a2" sha1="ca474d7762d639f41a184dcb540ec72becccaa43" />
		<rom name="House_Mix,_The_Tape_2_Side_2.tap" size="1333589" crc="c5fee3ba" sha1="fd1b2922275f09d4a9cf620c958ff033f667af26" />
	</machine>
	<machine name="howrduck">
		<description>Howard the Duck</description>
		<year>1986</year>
		<publisher>Activision</publisher>
		<rom name="Howard_the_Duck.tap" size="1255833" crc="7d07bca6" sha1="efa3f510fe853e6376db283ef6414cd8ce5238d7" />
	</machine>
	<machine name="hunchadv">
		<description>Hunchback: The Adventure</description>
		<year>1986</year>
		<publisher>Ocean</publisher>
		<rom name="Hunchback-_The_Adventure_Tape_1_Side_1.tap" size="451243" crc="62021354" sha1="6541840857f77326edf2e42017d5ad6a0fcb6777" />
		<rom name="Hunchback-_The_Adventure_Tape_1_Side_2.tap" size="206401" crc="efcd96bd" sha1="ced0f8faa2f1d9e7bb56755dc2fd0f32cfe095f9" />
		<rom name="Hunchback-_The_Adventure_Tape_2_Side_1.tap" size="206401" crc="eed7b9d0" sha1="4cd11e5c548f2eccc8574d815b3cdeb41ddf70d8" />
		<rom name="Hunchback-_The_Adventure_Tape_2_Side_2.tap" size="206401" crc="f323508b" sha1="54d9c94d847c6d167fc841193ba38892b5c713c7" />
	</machine>
	<machine name="huntmoon">
		<description>Hunter's Moon</description>
		<year>1987</year>
		<publisher>Thalamus</publisher>
		<rom name="Hunter's_Moon.tap" size="566025" crc="3cf00b0e" sha1="0edb58a2e5ffe0333688484eb0abac46d460d7ee" />
		<rom name="Hunter's_Moon_a1.tap" size="566019" crc="264fa527" sha1="9cf5e50ce30fb6899ded76e1d849d05ea7b43cd6" />
	</machine>
	<machine name="hyperspt">
		<description>Hyper Sports</description>
		<year>1985</year>
		<publisher>Imagine</publisher>
		<rom name="Hyper_Sports.tap" size="660039" crc="35c1929a" sha1="2751b40f8c37cbf14765614784e72f4342779a65" />
	</machine>
	<machine name="icehuntr">
		<description>Ice Hunter</description>
		<year>1983</year>
		<publisher>Anirog</publisher>
		<rom name="Ice_Hunter.tap" size="297621" crc="127cdd1f" sha1="5265bf2b8505712b5e85804041b91ee324396933" />
	</machine>
	<machine name="ik">
		<description>International Karate</description>
		<year>1985</year>
		<publisher>System 3</publisher>
		<rom name="International_Karate_Side_1.tap" size="640706" crc="cd0c5b09" sha1="8dd2899615d407c82f5f0c0cff8ac5ac28699acc" />
		<rom name="International_Karate_Side_2.tap" size="640722" crc="0d989c8b" sha1="7d85e25e58aea8083b1d354f56993619350b1397" />
	</machine>
	<machine name="ikp">
		<description>International Karate (Prism Leisure)</description>
		<year>1987</year>
		<publisher>Prism Leisure</publisher>
		<rom name="International_Karate.tap" size="551066" crc="4328aeff" sha1="47b29c42539374a4252d2d0c744e0adee9118206" />
	</machine>
	<machine name="ikplus">
		<description>IK+</description>
		<year>1987</year>
		<publisher>Activision</publisher>
		<rom name="IK+.tap" size="745527" crc="2230ed88" sha1="ec2bc848563a77086a5a1f0e621c183f50ca8b73" />
	</machine>
	<machine name="impact">
		<description>Impact</description>
		<year>1987</year>
		<publisher>Audiogenic</publisher>
		<rom name="Impact_Side_1_-_Game.tap" size="395546" crc="8bedd8e1" sha1="cc9764201680a94d87cff6bf3243c052ffa425e1" />
		<rom name="Impact_Side_2_-_Screen_Designer.tap" size="203344" crc="f3385f2d" sha1="a7dee30dac293ac56636d36e7d74a8038c856c66" />
	</machine>
	<machine name="impmiss2">
		<description>Impossible Mission II</description>
		<year>1988</year>
		<publisher>U.S. Gold</publisher>
		<rom name="Impossible_Mission_II.tap" size="1331706" crc="73af9e2f" sha1="d8f40614db7fd5a754172070d37371a56f6d29cc" />
	</machine>
	<machine name="impmiss">
		<description>Impossible Mission</description>
		<year>1984</year>
		<publisher>U.S. Gold</publisher>
		<rom name="Impossible_Mission.tap" size="530619" crc="66b60c9c" sha1="e64791b085d2401ecb13d138054ca83c16af2de0" />
		<rom name="Impossible_Mission_a1.tap" size="529489" crc="1f3da3c2" sha1="30192cd723c34e8855438b335f28ef511873ac63" />
	</machine>
	<machine name="impmissc">
		<description>Impossible Mission (CBS Software)</description>
		<year>1984</year>
		<publisher>CBS Software</publisher>
		<rom name="Impossible_Mission.tap" size="577000" crc="8f9e3db8" sha1="4713faf25aa878d929266978ace6d6debd6671d0" />
	</machine>
	<machine name="indydoom">
		<description>Indiana Jones and the Temple of Doom</description>
		<year>1987</year>
		<publisher>U.S. Gold</publisher>
		<rom name="Indiana_Jones_and_the_Temple_of_Doom_Side_1.tap" size="428482" crc="78253ee4" sha1="e75d63e67000b331e0f84db9b3a213577d8aa338" />
		<rom name="Indiana_Jones_and_the_Temple_of_Doom_Side_2.tap" size="1627680" crc="d38a4c9a" sha1="81ee5a8102eb6caaf41d5e39c789a529924e5018" />
	</machine>
	<machine name="infiltrt">
		<description>Infiltrator</description>
		<year>1986</year>
		<publisher>U.S. Gold</publisher>
		<rom name="Infiltrator.tap" size="2238854" crc="4cbeb8bf" sha1="74e1b282a075e68b915f6aa0a0db78189b097a7c" />
	</machine>
	<machine name="inspectg">
		<description>Inspector Gadget and the Circus of !!Fear!!</description>
		<year>1987</year>
		<publisher>Melbourne House</publisher>
		<rom name="Inspector_Gadget_and_the_Circus_of_Fear.tap" size="407822" crc="aac8cf73" sha1="54b6ce3e80945361632545dc31dd11c485f96768" />
	</machine>
	<machine name="intsoccr">
		<description>International Soccer</description>
		<year>1988</year>
		<publisher>CRL</publisher>
		<rom name="International_Soccer.tap" size="361008" crc="9a30d8c9" sha1="803a73bcf1acc637e351484b6ff5b98b286c557e" />
		<rom name="International_Soccer_a1.tap" size="361008" crc="384bbea6" sha1="6b86d0cf87f7795b56a24620cc7e5c65ee088c41" />
	</machine>
	<machine name="inttenns">
		<description>International Tennis</description>
		<year>1985</year>
		<publisher>Commodore</publisher>
		<rom name="International_Tennis.tap" size="333202" crc="3e034e2b" sha1="c959625785b38e64c991cd6434aa198a371e8083" />
		<rom name="International_Tennis_a1.tap" size="333202" crc="f4126e8f" sha1="589083541eef4c98e4df32d0ac6909b41c926fc4" />
	</machine>
	<machine name="itsaknoc">
		<description>It's a Knockout</description>
		<year>1986</year>
		<publisher>Ocean</publisher>
		<rom name="It's_a_Knockout.tap" size="604259" crc="16ce2007" sha1="08940390ceabc704a9a9b5533aec4bf399135616" />
	</machine>
	<machine name="jacknip2g">
		<description>Jack the Nipper II: In Coconut Capers (Gremlin Graphics)</description>
		<year>1987</year>
		<publisher>Gremlin Graphics</publisher>
		<rom name="Jack_the_Nipper_II-_In_Coconut_Capers.tap" size="522098" crc="c0691756" sha1="90a408388b07bb02fd5ef87a70ceebd1e6f66a53" />
	</machine>
	<machine name="jacknipr">
		<description>Jack the Nipper</description>
		<year>1986</year>
		<publisher>Gremlin Graphics</publisher>
		<rom name="Jack_the_Nipper.tap" size="533676" crc="13999665" sha1="f2fe6231108c2854bfbbf7099abdb645b19a2828" />
	</machine>
	<machine name="jinks">
		<description>Jinks</description>
		<year>1987</year>
		<publisher>Go!</publisher>
		<rom name="Jinks.tap" size="510562" crc="fffda148" sha1="079e05f0c806d7476ee167a28c99b6b1a2274d71" />
	</machine>
	<machine name="judgedre">
		<description>Judge Dredd</description>
		<year>1986</year>
		<publisher>Melbourne House</publisher>
		<rom name="Judge_Dredd.tap" size="512664" crc="0ca7be84" sha1="0b1421d9c4e25226d81489ddc2e0631a79c75c4a" />
	</machine>
	<machine name="juice">
		<description>Juice!</description>
		<year>1984</year>
		<publisher>System 3</publisher>
		<rom name="Juice.tap" size="205194" crc="6cf28f4c" sha1="9d0e5352340304aaeec0c21970a494b4d0bbd455" />
		<rom name="Juice_a1.tap" size="205194" crc="59aa4895" sha1="1bd77b8a02eedcbae254c7ac42244ed97e2a20fd" />
	</machine>
	<machine name="jumpjet">
		<description>Jump Jet</description>
		<year>1985</year>
		<publisher>Anirog</publisher>
		<rom name="Jump_Jet.tap" size="354966" crc="631d75f3" sha1="f230ac74c2f0a23de241cb35ee82aa2e243af36f" />
	</machine>
	<machine name="jungleqt">
		<description>Jungle Quest</description>
		<year>1984</year>
		<publisher>Solar Software</publisher>
		<rom name="Jungle_Quest.tap" size="614962" crc="ad13ee95" sha1="03c653bfc4925093c704b278a9aa35af7c3d065e" />
	</machine>
	<machine name="jungleqta">
		<description>Jungle Quest (alt)</description>
		<year>1984</year>
		<publisher>Solar Software</publisher>
		<rom name="Jungle_Quest.tap" size="609335" crc="6f4d0d65" sha1="99b7de57a23ec732edcf32080a5a0b04f013fb3e" />
	</machine>
	<machine name="kayleth">
		<description>Kayleth</description>
		<year>1986</year>
		<publisher>U.S. Gold</publisher>
		<rom name="Kayleth.tap" size="474667" crc="1457be73" sha1="d21d0f707af639b7c7abfe4f9e141afe7942c019" />
	</machine>
	<machine name="kennedy">
		<description>Kennedy Approach</description>
		<year>1985</year>
		<publisher>Transatlantic Simulations</publisher>
		<rom name="Kennedy_Approach_Side_1.tap" size="837889" crc="fa6a0e80" sha1="5b469b3ccb2017784aa31c78c0d3c39ac5b526f1" />
		<rom name="Kennedy_Approach_Side_2.tap" size="918840" crc="8b80f8da" sha1="80e9ed3599791f968cb9b6a4c3d533234e416c50" />
	</machine>
	<machine name="kettlea">
		<description>Kettle (alt)</description>
		<year>1986</year>
		<publisher>Alligata</publisher>
		<rom name="Kettle.tap" size="329345" crc="c36d43bb" sha1="15f8a588a63265f47f6777883a0638a48d3920dc" />
	</machine>
	<machine name="killedun">
		<description>Killed Until Dead</description>
		<year>1987</year>
		<publisher>U.S. Gold</publisher>
		<rom name="Killed_Until_Dead.tap" size="1561886" crc="06a2ca29" sha1="d4008456455c8c2cb96672e208db9a40f1c77b5e" />
	</machine>
	<machine name="kinetik">
		<description>Kinetik</description>
		<year>1987</year>
		<publisher>Firebird</publisher>
		<rom name="Kinetik.tap" size="597305" crc="0e442d0b" sha1="f1f9df273438e26716b381e48910b9df8b96414e" />
		<rom name="Kinetik_a1.tap" size="597178" crc="01b6a017" sha1="0001b3c678714b11530ec2dd8d95f1e74affef5e" />
	</machine>
	<machine name="klax">
		<description>Klax</description>
		<year>1990</year>
		<publisher>Domark</publisher>
		<rom name="Klax.tap" size="555089" crc="085808e3" sha1="9a170d437852ed007ddbd417282c5560fbb834bc" />
	</machine>
	<machine name="kntrider">
		<description>Knight Rider</description>
		<year>1986</year>
		<publisher>Ocean</publisher>
		<rom name="Knight_Rider.tap" size="597627" crc="a94dffd5" sha1="6cc23900053be8f44a4440630efc6cc7a389782b" />
		<rom name="Knight_Rider_a1.tap" size="597627" crc="69152ae4" sha1="3249dca8a33fbde66493bc7563cff9635f4751d4" />
	</machine>
	<machine name="knuckleb">
		<description>Knuckle Busters</description>
		<year>1986</year>
		<publisher>Melbourne House</publisher>
		<rom name="Knuckle_Busters.tap" size="355994" crc="c8c6cc1f" sha1="a9b4b5cb2633697c733f1f3886b6b70d5fdbdb36" />
	</machine>
	<machine name="kong">
		<description>Kong</description>
		<year>1983</year>
		<publisher>Anirog</publisher>
		<rom name="Kong.tap" size="554264" crc="458939ed" sha1="06a5cdb94c31676cfe7e196515cf201bfe2e2d21" />
	</machine>
	<machine name="konga">
		<description>Kong (alt)</description>
		<year>1983</year>
		<publisher>Anirog</publisher>
		<rom name="Kong.tap" size="1344746" crc="ca1e0071" sha1="93589b51401a8c92da783151bf0a4a61248d4c45" />
	</machine>
	<machine name="kongsb">
		<description>Kong Strikes Back!</description>
		<year>1984</year>
		<publisher>Ocean</publisher>
		<rom name="Kong_Strikes_Back.tap" size="411634" crc="c2495d21" sha1="7b45552bc580e24ec4a0e28d38fa1cff85e97f9e" />
	</machine>
	<machine name="konhits">
		<description>Konami's Coin-Op Hits</description>
		<year>1986</year>
		<publisher>Imagine</publisher>
		<rom name="Konami_Coin-Op_Hits_Tape_1_Side_1.tap" size="724171" crc="5225564a" sha1="65e2e22782eb6cb089c38651c04bcc12b8115079" />
		<rom name="Konami_Coin-Op_Hits_Tape_1_Side_2.tap" size="644167" crc="84a54d4e" sha1="166aa174cb64f92f7d84cdf6193145876fc55de3" />
		<rom name="Konami_Coin-Op_Hits_Tape_2_Side_1.tap" size="630995" crc="c22580a9" sha1="4af1b31eaa26ce5d19926db2190c53fcceb0fa28" />
		<rom name="Konami_Coin-Op_Hits_Tape_2_Side_2.tap" size="1117854" crc="31b311da" sha1="388ced50a8df05b8e6333d7eb15771474caa00dc" />
	</machine>
	<machine name="krakout">
		<description>Krakout</description>
		<year>1987</year>
		<publisher>Gremlin Graphics</publisher>
		<rom name="Krakout.tap" size="578198" crc="fa863dfa" sha1="2fe907e474fc5d725397ad0e95c298ed134ee065" />
	</machine>
	<machine name="kwah">
		<description>Kwah!</description>
		<year>1986</year>
		<publisher>Melbourne House</publisher>
		<rom name="Kwah.tap" size="428018" crc="5a95f844" sha1="31dbdded2dc067753543bae9e11a643e3c373903" />
	</machine>
	<machine name="kwiksnax">
		<description>Kwik Snax</description>
		<year>1990</year>
		<publisher>Codemasters</publisher>
		<rom name="Kwik_Snax.tap" size="934247" crc="de9e67e9" sha1="cc4da407f29b4093c832befbfdc5aca763dd2b67" />
	</machine>
	<machine name="labyrintha">
		<description>Labyrinth: The Computer Game (Activision)</description>
		<year>1986</year>
		<publisher>Activision</publisher>
		<rom name="Labyrinth_Side_1.tap" size="1737975" crc="642af717" sha1="47d31ef55d22bf057c697d6f20c6e4129ab25d37" />
		<rom name="Labyrinth_Side_2.tap" size="1779017" crc="5f51b71b" sha1="73cc54a573068f86826aa84518daa50d2f614e65" />
	</machine>
	<machine name="lastmiss">
		<description>Last Mission</description>
		<year>1987</year>
		<publisher>U.S. Gold</publisher>
		<rom name="Last_Mission.tap" size="477195" crc="4db1b25b" sha1="5a67c06e8571323b7d3277b5a03ee314ee8d2e1b" />
	</machine>
	<machine name="lastninja2">
		<description>Last Ninja 2: Back with a Vengeance</description>
		<year>1988</year>
		<publisher>System 3</publisher>
		<rom name="Last_Ninja_2_Limited_Edition.tap" size="3298230" crc="b454ea2d" sha1="5dff5d9d63a1b0d1058fe4ac1422a41f6d27e94a" />
	</machine>
	<machine name="lastninja3">
		<description>Last Ninja 3</description>
		<year>1991</year>
		<publisher>System 3</publisher>
		<rom name="Last_Ninja_3.tap" size="3400170" crc="d8cbee93" sha1="da09bd5751d37b6c654195de7f125a39bd69564e" />
	</machine>
	<machine name="lastninjaa">
		<description>The Last Ninja (Activision)</description>
		<year>1987</year>
		<publisher>Activision</publisher>
		<rom name="Last_Ninja,_The_Cassette_A.tap" size="1258117" crc="2bd5940d" sha1="d52a2ee5ae3cef3c8b2b2199e37b0f038cb0dc36" />
		<rom name="Last_Ninja,_The_Cassette_B.tap" size="928356" crc="97f31e99" sha1="3c727f705b7ffc5071142aa00ddc339721933393" />
	</machine>
	<machine name="lawwest">
		<description>Law of the West</description>
		<year>1985</year>
		<publisher>U.S. Gold</publisher>
		<rom name="Law_of_the_West.tap" size="1946340" crc="664f2ddd" sha1="8676ecd0d76766dc3f704cc3d423df2ddb56f802" />
	</machine>
	<machine name="lcp">
		<description>Little Computer People</description>
		<year>1985</year>
		<publisher>Activision</publisher>
		<rom name="Little_Computer_People.tap" size="621632" crc="08df344b" sha1="a82cac076e0b0236a3914c0f11da9c559ac4c148" />
	</machine>
	<machine name="leadbg">
		<description>Leader Board</description>
		<year>1986</year>
		<publisher>Erbe</publisher>
		<rom name="Leader_Board.tap" size="519387" crc="0b23bfd8" sha1="e88be59b513164ae8dbfb9ac0008f7d68838c87d" />
		<rom name="Leader_Board_a1.tap" size="519387" crc="58cd2835" sha1="b34356d85385bb83306a7a377924863442d71874" />
	</machine>
	<machine name="leadbgee">
		<description>Leader Board: Executive Edition</description>
		<year>1987</year>
		<publisher>U.S. Gold</publisher>
		<rom name="Leader_Board_Executive_Edition_Side_1.tap" size="545311" crc="8933a802" sha1="903c256c5a1dcc9acf99cc5522b12aa69e16b895" />
		<rom name="Leader_Board_Executive_Edition_Side_2.tap" size="553705" crc="ce4c84ed" sha1="358c64978b3db46be41eeae164af0b206b7296e3" />
	</machine>
	<machine name="lic2killd">
		<description>Licence To Kill</description>
		<year>1989</year>
		<publisher>Domark</publisher>
		<rom name="Licence_to_Kill.tap" size="514499" crc="9c58b66b" sha1="310784e9f388c2f9a7cdaee64ca029664e49119f" />
	</machine>
	<machine name="liveammo">
		<description>Live Ammo</description>
		<year>1987</year>
		<publisher>Ocean</publisher>
		<rom name="Live_Ammo_Tape_1_Side_1.tap" size="577571" crc="2ff8e4b6" sha1="173a4843c64bae4553d3c16f8b10e56cd6be89f2" />
		<rom name="Live_Ammo_Tape_1_Side_2.tap" size="1417383" crc="a0b60166" sha1="5803a4a0a2d683e7acd856c257960b67fa745aec" />
		<rom name="Live_Ammo_Tape_2_Side_1.tap" size="724171" crc="b367d6e1" sha1="61b47cdf678cf061420e193d4edf3ef7af936087" />
		<rom name="Live_Ammo_Tape_2_Side_2.tap" size="1332374" crc="dde51d3a" sha1="1e116cd09e2fe8f57e3fe3e830974cb0b39efff8" />
	</machine>
	<machine name="livinday">
		<description>James Bond 007 in The Living Daylights - The Computer Game</description>
		<year>1987</year>
		<publisher>Domark</publisher>
		<rom name="James_Bond_007_in_The_Living_Daylights_the_Computer_Game.tap" size="573375" crc="e17393a1" sha1="ef5272eb78dba2f2cac49ca96d7f895b97b33a58" />
		<rom name="James_Bond_007_in_The_Living_Daylights_the_Computer_Game_a1.tap" size="573375" crc="edf971f9" sha1="3c8f8d911a6625cf2ad736b061e0f73519d433eb" />
	</machine>
	<machine name="lkage">
		<description>Legend of Kage</description>
		<year>1987</year>
		<publisher>Imagine</publisher>
		<rom name="Legend_of_Kage.tap" size="542005" crc="b7ad02e4" sha1="467e0ee182780a321ddeaf39f48223abc1dddb2e" />
	</machine>
	<machine name="lotusg">
		<description>Lotus Esprit Turbo Challenge (Gremlin Graphics)</description>
		<year>1990</year>
		<publisher>Gremlin Graphics</publisher>
		<rom name="Lotus_Esprit_Turbo_Challenge_Side_1.tap" size="727225" crc="3567366e" sha1="1b060db8ff2ee4dab57529c0c5156db4f114d7c7" />
		<rom name="Lotus_Esprit_Turbo_Challenge_Side_2.tap" size="2145139" crc="09954270" sha1="6c0fccfa6a750bc0eb16af1aa0dc2c14ed33bc90" />
	</machine>
	<machine name="magmax">
		<description>Mag Max</description>
		<year>1986</year>
		<publisher>Imagine</publisher>
		<rom name="Mag_Max.tap" size="725538" crc="890af4e0" sha1="b8dd42cf356b22dea186318b13abf7cc189dc876" />
	</machine>
	<machine name="matchdy2">
		<description>Jon Ritman's Match Day II</description>
		<year>1987</year>
		<publisher>Ocean</publisher>
		<rom name="Jon_Ritman's_Match_Day_II.tap" size="738562" crc="bb4b3059" sha1="e1723e3b8b0af30a63ec88ef74706ce4027e780a" />
	</machine>
	<machine name="showjump">
		<description>Harvey Smith Showjumper</description>
		<year>1985</year>
		<publisher>Software Projects</publisher>
		<rom name="Harvey_Smith_Showjumper.tap" size="526200" crc="8b3eb848" sha1="c0cf22d9bc5181b8be575530000421317b4e2df2" />
		<rom name="Harvey_Smith_Showjumper_a1.tap" size="526200" crc="8df03e5f" sha1="4777bd7a4778198ecf8985a2e5919a8eba4b9f51" />
	</machine>
</datafile>