<?xml version="1.0" encoding="utf-8"?>
<!DOCTYPE datafile PUBLIC "-//Logiqx//DTD ROM Management Datafile//EN" "http://www.logiqx.com/Dats/datafile.dtd">
<datafile>
	<header>
		<name>c64_cart</name>
		<description>Commodore 64 cartridges</description>
		<version></version>
		<author></author>
	</header>
	<machine name="blueprnt">
		<description>Blueprint</description>
		<year>1983</year>
		<publisher>Commodore</publisher>
		<rom name="317022-01.u1" size="8192" crc="09d33a92" sha1="b836ee02f19067c7e83be8dc882da92480d031ab" />
		<rom name="317023-01.u2" size="8192" crc="afbef1dd" sha1="8ca791e866da70983dc521b37b33cba98882da92" />
	</machine>
	<machine name="gridrunr">
		<description>Gridrunner</description>
		<year>1983</year>
		<publisher>HesWare</publisher>
		<rom name="hn462732p.u1" size="4096" crc="43b1df18" sha1="7fccb49a2557b50be7244945dd7031e411789089" />
	</machine>
	<machine name="hesmon">
		<description>HES Mon 2</description>
		<year>1983</year>
		<publisher>HesWare</publisher>
		<rom name="hesmon.u1" size="4096" crc="cc0f6ab4" sha1="0014a7c9cd2343b98d3e6f2a4cfb07b77ae96ac2" />
	</machine>
	<machine name="paintbrs">
		<description>Paint Brush</description>
		<year>1983</year>
		<publisher>HesWare</publisher>
		<rom name="hn462532p.u2" size="4096" crc="c26dab1a" sha1="5a06123516e31c6e4ca73e621dff76edffd6285a" />
	</machine>
	<machine name="storymac">
		<description>Story Machine</description>
		<year>1983</year>
		<publisher>Spinnaker Software</publisher>
		<rom name="2764.u1" size="8192" crc="538a8ebc" sha1="8917f59cea45b3408e0c032ae7edf72266435019" />
		<rom name="2764.u2" size="8192" crc="f46075ae" sha1="186565c0d5d0877b5c0e91334899f2ceea7ce435" />
	</machine>
</datafile>