<?xml version="1.0" encoding="utf-8"?>
<!DOCTYPE datafile PUBLIC "-//Logiqx//DTD ROM Management Datafile//EN" "http://www.logiqx.com/Dats/datafile.dtd">
<datafile>
	<header>
		<name>fmtowns_flop_orig</name>
		<description>Fujitsu FM Towns original floppy disk images</description>
		<version></version>
		<author></author>
	</header>
	<machine name="drill1">
		<description>Towns Drill - Shougaku Sansuu Series - Sansuu 1-nen (TownsGEAR V2.1 version)</description>
		<year>1992</year>
		<publisher>教育ソフト研究所 (Kyouiku Soft Kenkyuusho)</publisher>
		<rom name="towns_drill_shougaku_sansuu_1-nen_gear_v2.1.hdm" size="1261568" crc="e2c3585a" sha1="172b8b6b124bc250f090514aed8a9be8e3b635d8" />
	</machine>
	<machine name="fmtools">
		<description>FMR/Towns Kihon DOS Tools</description>
		<year>1993</year>
		<publisher>ソフトバンク (SoftBank)</publisher>
		<rom name="fmr-towns_kihon_dos_tools_disk1.hdm" size="1261568" crc="dd098356" sha1="09bbbd60a702961e76262617079819c6056c5829" />
		<rom name="fmr-towns_kihon_dos_tools_disk2.hdm" size="1261568" crc="838c4e97" sha1="8d2119cc743bbae422fc426b3b04d3ffd2591910" />
	</machine>
	<machine name="futoph07">
		<description>Futoppara FD Heisei 7-gou</description>
		<year>1993</year>
		<publisher>ソフトバンク (SoftBank)</publisher>
		<rom name="futoppara fd heisei #07.hdm" size="1261568" crc="d1f36112" sha1="cda16bc77ae8d4846adbb9c03bf50616c56de747" />
	</machine>
	<machine name="futoph10">
		<description>Futoppara FD Heisei 10-gou</description>
		<year>1995</year>
		<publisher>ソフトバンク (SoftBank)</publisher>
		<rom name="futoppara fd heisei #10.hdm" size="1261568" crc="86458c41" sha1="70b54f8c4017eb2c0fa2b64928b179aa5a11acbe" />
	</machine>
	<machine name="htownusa">
		<description>Hometown, U.S.A.</description>
		<year>1990</year>
		<publisher>富士通 (Fujitsu)</publisher>
		<rom name="hometown_usa_data_disk.hdm" size="1261568" crc="3e57ab67" sha1="c8434f9162db045c8221d2c09cf4726335296197" />
		<rom name="hometown_usa_program_disk.hdm" size="1261568" crc="e0ff7da3" sha1="da00e38412950cd84c2bcc3c3595aaa4957ff811" />
	</machine>
	<machine name="sgamerss1">
		<description>Sadistic Gamers Syndrome - Episode I</description>
		<year>1992</year>
		<publisher>&lt;doujin&gt;</publisher>
		<rom name="sadistic_gamers_syndrome_episode_1.mfm" size="3445257" crc="bdfb0c79" sha1="c1778e6d06630fe00dedcf3228486ca90269bfd1" />
	</machine>
	<machine name="ywsansu2">
		<description>Yoku Wakaru Sansuu - Shougaku 2-nen</description>
		<year>1993</year>
		<publisher>パル教育システム (Pal Kyouiku System)</publisher>
		<rom name="yoku_wakaru_sansuu_shougaku_2-nen_disk_1.hdm" size="1261568" crc="5b298c15" sha1="9c20bedddf326b9ab5e291802fe852cd7b950bf5" />
		<rom name="yoku_wakaru_sansuu_shougaku_2-nen_disk_2.hdm" size="1261568" crc="4b868fc8" sha1="a50e465ed3a1f4f2398ecad84180d2fe86f6c553" />
	</machine>
	<machine name="zurujr">
		<description>Hon'yaku Helper Zurukamashi - Jisho Disk Junior</description>
		<year>1991</year>
		<publisher>日コン連企画 (Nichikonren Kikaku)</publisher>
		<rom name="zurukamashi_jisho_disk_junior.hdm" size="1261568" crc="e21a1ceb" sha1="f37c4d3f2d4c82761dce9b0a162eb3e25da856ba" status="baddump" />
	</machine>
	<machine name="zurukama">
		<description>Hon'yaku Helper Zurukamashi</description>
		<year>1991</year>
		<publisher>日コン連企画 (Nichikonren Kikaku)</publisher>
		<rom name="zurukamashi_jisho_disk.mfm" size="3446264" crc="aa64f699" sha1="89411f74f5666e917e45447f0d0e225137f3a184" status="baddump" />
		<rom name="zurukamashi_system_disk.mfm" size="3444720" crc="0e371991" sha1="b0e4adce99796fdc598d8499da73b021fadfc5c1" />
	</machine>
</datafile>