<?xml version="1.0" encoding="utf-8"?>
<!DOCTYPE datafile PUBLIC "-//Logiqx//DTD ROM Management Datafile//EN" "http://www.logiqx.com/Dats/datafile.dtd">
<datafile>
	<header>
		<name>gamegear</name>
		<description>Sega Game Gear cartridges</description>
		<version></version>
		<author></author>
	</header>
	<machine name="brkthru">
		<description>BreakThru! (prototype)</description>
		<year>1994</year>
		<publisher>Spectrum Holobyte</publisher>
		<rom name="breakthru [proto].bin" size="131072" crc="64d7a694" sha1="571bd543320bc67c4103630c804705955bc5250a" />
	</machine>
</datafile>