<?xml version="1.0" encoding="utf-8"?>
<!DOCTYPE datafile PUBLIC "-//Logiqx//DTD ROM Management Datafile//EN" "http://www.logiqx.com/Dats/datafile.dtd">
<datafile>
	<header>
		<name>gba</name>
		<description>Nintendo Game Boy Advance cartridges</description>
		<version></version>
		<author></author>
	</header>
	<machine name="mechanic">
		<description>Mechanic Mechanica (Japan, prototype)</description>
		<year>20??</year>
		<publisher>&lt;unknown&gt;</publisher>
		<rom name="mechanic.bin" size="8388608" crc="64251e43" sha1="a02c9fbcd430d6a0e3295642d5aedfa853b0c74a" />
	</machine>
	<machine name="perplexd">
		<description>Perplexus Diodomin (prototype)</description>
		<year>2002</year>
		<publisher>&lt;unknown&gt;</publisher>
		<rom name="perplexusdiodomin.bin" size="1681812" crc="3442f9cf" sha1="f3c7093e9770632de618c7931f287ebc7b5e0aa2" />
	</machine>
</datafile>