<?xml version="1.0" encoding="utf-8"?>
<!DOCTYPE datafile PUBLIC "-//Logiqx//DTD ROM Management Datafile//EN" "http://www.logiqx.com/Dats/datafile.dtd">
<datafile>
	<header>
		<name>ibm5170</name>
		<description>IBM PC/AT disk images</description>
		<version></version>
		<author></author>
	</header>
	<machine name="ampool">
		<description>Archer Maclean's Pool</description>
		<year>1992</year>
		<publisher>Virgin</publisher>
		<rom name="archer_macleans_pool.mfm" size="4186835" crc="3a55dc65" sha1="947cdea0a7f039fb5e2f8dfca93749bb18b7e323" />
	</machine>
	<machine name="creepers">
		<description>Creepers</description>
		<year>1993</year>
		<publisher>Psygnosis</publisher>
		<rom name="creepers [Psynosis] [1993] [3.5HD] [Disk 1 of 1].img" size="1474560" crc="47fee7f4" sha1="82562eebd8457e61f63862bfa64f552ade3866d0" />
	</machine>
	<machine name="lsquad">
		<description>Laser Squad (3.5", USA)</description>
		<year>1992</year>
		<publisher>MicroLeague Multimedia</publisher>
		<rom name="Laser Squad [1992] [MicroLeague] [3.5HD] [Disk 1 of 2].img" size="1474560" crc="4275f6bf" sha1="30e626c456a6cb6b8d14bef94b20b2c578f715dd" />
		<rom name="Laser Squad [1992] [MicroLeague] [3.5HD] [Disk 2 of 2].img" size="1474560" crc="0c72b5b5" sha1="236f158b060616f0c052771551f98361f087ca46" />
	</machine>
	<machine name="lsquad_525">
		<description>Laser Squad (5.25", Euro)</description>
		<year>1992</year>
		<publisher>Krisalis Software</publisher>
		<rom name="Laser Squad [1992] [Krisalis] [5.25HD] [Disk 1 of 3].img" size="1228800" crc="05c3c51b" sha1="bacca22a2c3564304c0889488429e35a257fe3c6" />
		<rom name="Laser Squad [1992] [Krisalis] [5.25HD] [Disk 2 of 3].img" size="1228800" crc="6f07f8d7" sha1="192851f29e179c32224dbc558b6efb4684167325" />
		<rom name="Laser Squad [1992] [Krisalis] [5.25HD] [Disk 3 of 3].img" size="1228800" crc="2f928c1e" sha1="50990882182ae468ecdba6107054aec1ad3231a8" />
	</machine>
	<machine name="nightsft">
		<description>Night Shift</description>
		<year>1990</year>
		<publisher>Lucasfilm</publisher>
		<rom name="Night Shift [Lucasfilm] [1990] [3.5DD] [Disk 1 of 2].img" size="737280" crc="b2146606" sha1="d13067154a2f4f07afe77dc6321d56d515f40bfd" />
		<rom name="Night Shift [Lucasfilm] [1990] [3.5DD] [Disk 2 of 2].img" size="737280" crc="9ebf9eda" sha1="b838c18addd367c05d3d0184ca3be5738ae09bb7" />
	</machine>
	<machine name="pushover">
		<description>Push-Over (Big Games/The Hit Squad release)</description>
		<year>1994</year>
		<publisher>The Hit Squad</publisher>
		<rom name="Push-Over [Hit Squad] [1994] [3.5DD] [Disk 1 of 3].img" size="737280" crc="15fc80ce" sha1="c92559f8e13b481e144e819c42f3bd2fafbb98d8" />
		<rom name="Push-Over [Hit Squad] [1994] [3.5DD] [Disk 2 of 3].img" size="737280" crc="21ce859a" sha1="845b8d3deb660e4f1413c65a9a13045f8b85d278" />
		<rom name="Push-Over [Hit Squad] [1994] [3.5DD] [Disk 3 of 3].img" size="737280" crc="084b4833" sha1="30c27a7d606aba9aa9d6478f4ad56ad1155726ce" />
	</machine>
	<machine name="qstglory1">
		<description>Quest for Glory I: So You Want to Be a Hero</description>
		<year>1992</year>
		<publisher>Sierra On-Line</publisher>
		<rom name="Quest for Glory 1 [Sierra] [1992] [3.5HD] [Disk 1 of 5] [Startup Disk].img" size="1474560" crc="6ec3ddd9" sha1="5160b4a8ea942d787f0c4a91710e5e365755aae2" />
		<rom name="Quest for Glory 1 [Sierra] [1992] [3.5HD] [Disk 2 of 5] [Disk 1].img" size="1474560" crc="da72d003" sha1="c6f168677d4167ac69060ddeb5ebbb80a5cd4b4d" />
		<rom name="Quest for Glory 1 [Sierra] [1992] [3.5HD] [Disk 3 of 5] [Disk 2].img" size="1474560" crc="2a2ab877" sha1="47e4770117054a2151398747917e3afa3f9ab9d0" />
		<rom name="Quest for Glory 1 [Sierra] [1992] [3.5HD] [Disk 4 of 5] [Disk 3].img" size="1474560" crc="5cd535f6" sha1="d96d123b2c5a1c10fe928dad2920c62f53b55430" />
		<rom name="Quest for Glory 1 [Sierra] [1992] [3.5HD] [Disk 5 of 5] [Disk 4].img" size="1474560" crc="e5aa3230" sha1="6b5846dc5a27b4d278bdfa97d5070723d4e5af65" />
	</machine>
	<machine name="qstglory3">
		<description>Quest for Glory III: Wages of War</description>
		<year>1992</year>
		<publisher>Sierra On-Line</publisher>
		<rom name="Quest for Glory 3 [Sierra] [1992] [3.5HD] [Disk 1 of 5].img" size="1474560" crc="2672c52e" sha1="4705122e92d6afd981fe20d93fbeb0d4e2a3e382" />
		<rom name="Quest for Glory 3 [Sierra] [1992] [3.5HD] [Disk 2 of 5].img" size="1474560" crc="6243738b" sha1="6d4a2575cef2f14870107e44c75b9802b49ea8f8" />
		<rom name="Quest for Glory 3 [Sierra] [1992] [3.5HD] [Disk 3 of 5].img" size="1474560" crc="11e4949a" sha1="11e1edda331e8d5c8d508b8afcf7edb2df07ca61" />
		<rom name="Quest for Glory 3 [Sierra] [1992] [3.5HD] [Disk 4 of 5].img" size="1474560" crc="cc9d1f66" sha1="e1b41593e325aa522f26ce74d6918228529287bc" />
		<rom name="Quest for Glory 3 [Sierra] [1992] [3.5HD] [Disk 5 of 5].img" size="1474560" crc="fee3d838" sha1="79fce923b46f48ae747f6b94b0185aae827f6db8" />
	</machine>
	<machine name="qstglory4">
		<description>Quest for Glory: Shadows of Darkness</description>
		<year>1993</year>
		<publisher>Sierra On-Line</publisher>
		<rom name="Quest for Glory 4 [Sierra] [1993] [3.5HD] [Disk 1 of 9].img" size="1474560" crc="0c122269" sha1="0434303de355f6e0015ac7eeb05e77a7509b8f98" />
		<rom name="Quest for Glory 4 [Sierra] [1993] [3.5HD] [Disk 2 of 9].img" size="1474560" crc="9cc3a88d" sha1="59cfc2cde9e8b0689ee7e41ff94e913f7c6e855e" />
		<rom name="Quest for Glory 4 [Sierra] [1993] [3.5HD] [Disk 3 of 9].img" size="1474560" crc="0abdd112" sha1="633e65fff1de5038750581a34b3aeed0d2dd36fd" />
		<rom name="Quest for Glory 4 [Sierra] [1993] [3.5HD] [Disk 4 of 9].img" size="1474560" crc="6f3f3b79" sha1="398955f61a378f4cb76b2bc2d59df93897ee9a95" />
		<rom name="Quest for Glory 4 [Sierra] [1993] [3.5HD] [Disk 5 of 9].img" size="1474560" crc="e57828dc" sha1="5071a2f27d46c62f14133eb80b8d4ce80bb6983f" />
		<rom name="Quest for Glory 4 [Sierra] [1993] [3.5HD] [Disk 6 of 9].img" size="1474560" crc="a6d80520" sha1="40d6ba0f1399fdce2e80a2ccf797b96c313cff11" />
		<rom name="Quest for Glory 4 [Sierra] [1993] [3.5HD] [Disk 7 of 9].img" size="1474560" crc="8d6ae843" sha1="80c58dd6cb59b7dac5250d25a912d8fc207546dc" />
		<rom name="Quest for Glory 4 [Sierra] [1993] [3.5HD] [Disk 8 of 9].img" size="1474560" crc="66683a5b" sha1="aa14b87b968d1ed86858163a20c87e7334d7b8ad" />
		<rom name="Quest for Glory 4 [Sierra] [1993] [3.5HD] [Disk 9 of 9].img" size="1474560" crc="bbeb984f" sha1="811289f2b0786e981348b69f6f2f6925137befc6" />
	</machine>
	<machine name="quicky">
		<description>Quicky: The Computer Game (Euro)</description>
		<year>1995</year>
		<publisher>Nestle</publisher>
		<rom name="Quicky [Nestle] [1995] [3.5HD] [Disk 1 of 1].img" size="1474560" crc="f2564361" sha1="1c4981ef296f48c6638da96d6e51ee6bda308809" />
	</machine>
	<machine name="striker">
		<description>Striker</description>
		<year>1992</year>
		<publisher>Rage Software</publisher>
		<rom name="striker.mfm" size="2165572" crc="135e71fa" sha1="22426ed21754ba335325d50a22833d18c8abce47" />
	</machine>
	<machine name="tonykell">
		<description>Tony &amp; Friends in Kellogg's Land (Germany)</description>
		<year>1994</year>
		<publisher>Kellogg's Company</publisher>
		<rom name="Tony Friends in Kellogg's Land (Germany) [Kellogg's] [1994] [3.5DD] [Disk 1 of 1].img" size="737280" crc="94d177ee" sha1="e0ea7a5b0154b905801c4421596a5f06fe63e0ea" />
	</machine>
	<machine name="wizkid">
		<description>Wizkid: The Story of Wizball II</description>
		<year>1992</year>
		<publisher>Ocean Software</publisher>
		<rom name="wizkid_disk1.img" size="737280" crc="32f7723d" sha1="94ebc2af9e2cd908959b057d0a166e3394e3688f" />
		<rom name="wizkid_disk2.mfm" size="2154561" crc="988d681d" sha1="a43d0116389af4848ce6cdd2966d6a9958a76402" />
	</machine>
	<machine name="wwfeuro">
		<description>WWF European Rampage Tour</description>
		<year>1992</year>
		<publisher>Ocean Software</publisher>
		<rom name="wwf_european_rampage_tour_disk1.img" size="737280" crc="4d4319fc" sha1="7b065d35926a5a66fedcbce9b89c673feef3c2d2" />
		<rom name="wwf_european_rampage_tour_disk2.mfm" size="2153468" crc="3a0806e9" sha1="9feb7e3c7c41dedfa8114aed2a5319df27863deb" />
	</machine>
</datafile>