<?xml version="1.0" encoding="utf-8"?>
<!DOCTYPE datafile PUBLIC "-//Logiqx//DTD ROM Management Datafile//EN" "http://www.logiqx.com/Dats/datafile.dtd">
<datafile>
	<header>
		<name>ibm5150</name>
		<description>IBM PC disk images</description>
		<version></version>
		<author></author>
	</header>
	<machine name="bbrodeo">
		<description>Buffalo Bill's Rodeo Games</description>
		<year>1989</year>
		<publisher>Tynesoft</publisher>
		<rom name="buffalo_bills_rodeo_games.mfm" size="2166194" crc="d503114d" sha1="494db14c0cb2ccf7e43f2f90b3b79ddcd6b5d7aa" />
	</machine>
	<machine name="bdash_35">
		<description>Boulder Dash (3.5")</description>
		<year>1988</year>
		<publisher>Prism Leisure</publisher>
		<rom name="boulder_dash.mfm" size="2546439" crc="011ea462" sha1="7510f06b03be2739af0e4396f40518a96c8683e7" />
	</machine>
	<machine name="black">
		<description>The Black Cauldron (v1.1m)</description>
		<year>1986</year>
		<publisher>Sierra On-Line</publisher>
		<rom name="the_black_cauldron_v1.1m_disk1.mfm" size="1100673" crc="e321b2e6" sha1="c80815f1404597c8f5baa792b12f5c8faa22c050" />
		<rom name="the_black_cauldron_v1.1m_disk2.img" size="368640" crc="f80e0fc4" sha1="766818981335386b27fee1dc6f10bcf8850c50f3" />
	</machine>
	<machine name="bladestl">
		<description>Blades of Steel</description>
		<year>1990</year>
		<publisher>Konami</publisher>
		<rom name="Blades of Steel [Konami] [1990] [3.5DD] [Disk 1 of 1].img" size="737280" crc="7e29491e" sha1="3d6cfc1a604ca005cc84397e6a618d2e3c645f86" />
	</machine>
	<machine name="bttf3">
		<description>Back to the Future Part III</description>
		<year>1991</year>
		<publisher>Mirrorsoft</publisher>
		<rom name="back_to_the_future_part_iii_disk1.mfm" size="2156253" crc="2e581898" sha1="1dd5c82fc9d6903fdfbb0458fb7774b5652f840f" />
		<rom name="back_to_the_future_part_iii_disk2.mfm" size="2164441" crc="e1246bf3" sha1="945c32c361743d308e4cab04c9e1a2037dcf0eb8" />
	</machine>
	<machine name="dreamtm">
		<description>The Dream Team: 3 on 3 Challenge</description>
		<year>1991</year>
		<publisher>Data East</publisher>
		<rom name="The Dream Team - 3 On 3 Challenge [Data East] [1991] [3.5DD] [Disk 1 of 3].img" size="737280" crc="0fe15971" sha1="829dc338e48f3ce94241bed230e806e5e6b0854d" />
		<rom name="The Dream Team - 3 On 3 Challenge [Data East] [1991] [3.5DD] [Disk 2 of 3].img" size="737280" crc="c51d3d75" sha1="c0a935741ed8b579583d54d7fd1775e5f5ee3628" />
		<rom name="The Dream Team - 3 On 3 Challenge [Data East] [1991] [3.5DD] [Disk 3 of 3].img" size="737280" crc="2a09e49d" sha1="8abc1453cc848997fc037bd882f23f257dc12d76" />
	</machine>
	<machine name="f19a">
		<description>F-19 Stealth Fighter (Version 435.04, disk + manual protection)</description>
		<year>1988</year>
		<publisher>MicroProse</publisher>
		<rom name="f19_stealth_fighter_diska.mfm" size="2176416" crc="28597122" sha1="059882a798cab7270215649037186aa4d560c507" />
		<rom name="f19_stealth_fighter_diskb.img" size="737280" crc="a9faf42d" sha1="aef388d2d45cfe1a1fb3520ece772cb8edf2f183" />
	</machine>
	<machine name="gpcircuit">
		<description>Grand Prix Circuit</description>
		<year>1988</year>
		<publisher>Accolade</publisher>
		<rom name="grand_prix_circuit.mfm" size="2168656" crc="94610ea0" sha1="9c7518d479ba0c25d1137d75b1571390e7b45bd4" />
	</machine>
	<machine name="herosqst">
		<description>Hero's Quest: So You Want to be a Hero</description>
		<year>1989</year>
		<publisher>Sierra On-Line</publisher>
		<rom name="Hero's Quest [Sierra] [1989] [3.5DD] [Disk 1 of 4].img" size="737280" crc="9c89c789" sha1="4ede381eb7337b3c12412c159a3348b216cb9d02" />
		<rom name="Hero's Quest [Sierra] [1989] [3.5DD] [Disk 2 of 4].img" size="737280" crc="0513e8c0" sha1="dc512084634fcc66c80b3655f60caa23bb08e9bb" />
		<rom name="Hero's Quest [Sierra] [1989] [3.5DD] [Disk 3 of 4].img" size="737280" crc="df3a2102" sha1="4886b213dc153bf8eb73c324853d462216d84917" />
		<rom name="Hero's Quest [Sierra] [1989] [3.5DD] [Disk 4 of 4].img" size="737280" crc="602933b3" sha1="310811bbaba0b0d84d68827856794c018ccd50ea" />
	</machine>
	<machine name="italy90">
		<description>Italy '90 Soccer</description>
		<year>1989</year>
		<publisher>Simulmondo</publisher>
		<rom name="Italy '90 Soccer [Simulmondo] [1989] [3.5DD] [Disk 1 of 1].mfm" size="2152032" crc="f60c1a9d" sha1="302d4ed84aea32a8d78a9d83462a22f5d370058a" />
	</machine>
	<machine name="kingqst2_35">
		<description>King's Quest II: Romancing the Throne (v2.2, 3.5")</description>
		<year>1987</year>
		<publisher>Sierra On-Line</publisher>
		<rom name="kings_quest_ii_3.5.mfm" size="2192301" crc="48df8ac1" sha1="e99cda128ed9e2c148d3adbc927708c39ed885da" />
	</machine>
	<machine name="kingqst3">
		<description>King's Quest III: To Heir Is Human (v2.00, 5.25")</description>
		<year>1987</year>
		<publisher>Sierra On-Line</publisher>
		<rom name="kings_quest_iii_5.25_disk1.mfm" size="1108796" crc="3717b706" sha1="d792d371d5ebc6366656678d7fe40757c3528001" />
		<rom name="kings_quest_iii_5.25_disk2.img" size="368640" crc="5a2488ff" sha1="32ed6d403e1bb32b94de84eace41ac8d7b8578d0" />
		<rom name="kings_quest_iii_5.25_disk3.img" size="368640" crc="97cd532f" sha1="13e781a5a2b0f96db201c17e2e491bd632710c62" />
	</machine>
	<machine name="lastninja">
		<description>The Last Ninja</description>
		<year>1988</year>
		<publisher>Activision</publisher>
		<rom name="the_last_ninja.mfm" size="2180307" crc="1ce49ec5" sha1="91cb38ac9e5e428b4aabfc47da787a97d9fd0efc" />
	</machine>
	<machine name="lastnja2">
		<description>Last Ninja 2: Back with a Vengeance</description>
		<year>1990</year>
		<publisher>Activision</publisher>
		<rom name="Last Ninja 2 [Activision] [1990] [5.25DD] [Disk 1 of 3].img" size="368640" crc="119df2b4" sha1="4066cf2da192137104eeb4daa2258be9201e6eef" />
		<rom name="Last Ninja 2 [Activision] [1990] [5.25DD] [Disk 2 of 3].img" size="368640" crc="a3d8aa92" sha1="6c42da621b0eb637f6e530e006c1dba59b2d547a" />
		<rom name="Last Ninja 2 [Activision] [1990] [5.25DD] [Disk 3 of 3].img" size="368640" crc="c3f256d6" sha1="553c4293f256afa8eddf4e087c11a895a8becfa1" />
	</machine>
	<machine name="lemmings">
		<description>Lemmings</description>
		<year>1991</year>
		<publisher>Psygnosis</publisher>
		<rom name="lemmings.mfm" size="2181136" crc="82b47a9b" sha1="7f0912d798c97a56ac8eea1f87caa20cc2044b94" />
	</machine>
	<machine name="midwintr">
		<description>Midwinter</description>
		<year>1990</year>
		<publisher>MicroProse</publisher>
		<rom name="midwinter_disk1.mfm" size="2156382" crc="b07cd287" sha1="d0b202616befdd8d4ed61bc2172158f88157a52a" />
		<rom name="midwinter_disk2.mfm" size="2156467" crc="e8677966" sha1="ed1103bc0bc02c4ff10cf9f389ed93e90e60125e" />
	</machine>
	<machine name="mmagic">
		<description>Might and Magic: Book One: Secret of the Inner Sanctum</description>
		<year>1987</year>
		<publisher>New World Computing</publisher>
		<rom name="might_and_magic_disk1.mfm" size="1110732" crc="f55fd5ae" sha1="3d7e6fbce6261276c41c1d5e3bbd3f6f169f0ad4" />
		<rom name="might_and_magic_disk2.img" size="368640" crc="79e3e51b" sha1="b661231c9523394511f2ee654f243830968a4696" />
	</machine>
	<machine name="paperboy">
		<description>Paperboy</description>
		<year>1988</year>
		<publisher>Mindscape</publisher>
		<rom name="paperboy.mfm" size="2160528" crc="448e1e67" sha1="db7c9c87dee0ee7198f4f5f0d4be9b1ed97ef737" />
	</machine>
	<machine name="pitfight">
		<description>Pit-Fighter</description>
		<year>1991</year>
		<publisher>Domark</publisher>
		<rom name="pit_fighter_disk1.mfm" size="2162049" crc="e95e55a2" sha1="9283a619884680c9ba978bf784ca2a135e818475" />
		<rom name="pit_fighter_disk2.img" size="737280" crc="9b261773" sha1="50893bda71e64ce9fb74c20a38774119b0b20a17" />
	</machine>
	<machine name="pquest2_35b">
		<description>Police Quest II - The Vengeance (3.5", v1.001.000)</description>
		<year>1989</year>
		<publisher>Sierra On-Line</publisher>
		<rom name="Police Quest II (v1.001) [Sierra] [1989] [3.5DD] [Disk 1 of 3].img" size="737280" crc="e5660154" sha1="5f843f8846736110dee29e26f6f6922023a3a2a7" />
		<rom name="Police Quest II (v1.001) [Sierra] [1989] [3.5DD] [Disk 2 of 3].img" size="737280" crc="73df103c" sha1="ad9c14790138cfec68e52397074f3971118da431" />
		<rom name="Police Quest II (v1.001) [Sierra] [1989] [3.5DD] [Disk 3 of 3].img" size="737280" crc="a7dfa325" sha1="20bff0d7bb66f7f6bce0015edf0807f12622d130" />
	</machine>
	<machine name="pquest2_35">
		<description>Police Quest II - The Vengeance (3.5", v1.002.011, Sierra's Value Pack)</description>
		<year>1989</year>
		<publisher>Sierra On-Line</publisher>
		<rom name="Police Quest II [Sierra] [1989] [3.5DD] [Disk 1 of 3].img" size="737280" crc="52cbbc7d" sha1="418d1bae1ebaaa65c4a41fdc3b37f78ebd4ba90f" />
	</machine>
	<machine name="pquest2">
		<description>Police Quest II - The Vengeance (5.25", v1.002.011)</description>
		<year>1989</year>
		<publisher>Sierra On-Line</publisher>
		<rom name="Police Quest II [Sierra] [1989] [5.25DD] [Disk 1 of 6].img" size="368640" crc="e893a5f2" sha1="3f795d2fbbeb12c09da96821c0f8e7624862d51c" />
	</machine>
	<machine name="protennis">
		<description>Pro Tennis Tour</description>
		<year>1989</year>
		<publisher>Ubi Soft Entertainment Software</publisher>
		<rom name="pro_tennis_tour_disk1.img" size="737280" crc="51faa633" sha1="76399435b248eb9ea03c8e31718544df8a751847" />
		<rom name="pro_tennis_tour_disk2.mfm" size="2164357" crc="3b1d0a4d" sha1="24ee937ae698f6fd6ea94ff4c98d29770a2ad5b1" />
	</machine>
	<machine name="rampage">
		<description>Rampage</description>
		<year>1988</year>
		<publisher>Activision</publisher>
		<rom name="rampage.mfm" size="2163793" crc="b7a2ba2b" sha1="097ca071cf39864f7021d51a2a7ec505f107ca3f" />
	</machine>
	<machine name="rick">
		<description>Rick Dangerous</description>
		<year>1994</year>
		<publisher>Kixx</publisher>
		<rom name="Rick Dangerous [Kixx] [1994] [3.5DD] [Disk 1 of 1].img" size="737280" crc="372e8970" sha1="1af52f6eca5972cccd072ee8d61e2a3c31ecdbac" />
	</machine>
	<machine name="rocketrg">
		<description>Rocket Ranger (UK)</description>
		<year>1988</year>
		<publisher>Cinemaware</publisher>
		<rom name="Rocket Ranger [Cinemaware] [1988] [3.5DD] [Disk 1 of 1].img" size="737280" crc="1cca26da" sha1="e0fae98120bf57155dd20fb2c6693e5617e74a40" />
	</machine>
	<machine name="simearthb">
		<description>SimEarth: The Living Planet (Europe, 5.25", v1.0)</description>
		<year>1991</year>
		<publisher>Maxis Software</publisher>
		<rom name="SimEarth [Maxis] [1991] [5.25DD] [Disk 1 of 4].img" size="368640" crc="d915704f" sha1="546912199a4d334f93197d505af0f4664ea9065b" />
		<rom name="SimEarth [Maxis] [1991] [5.25DD] [Disk 2 of 4].img" size="368640" crc="fd6ddd31" sha1="ba36265362ed09cfdae07874121045c949468daa" />
		<rom name="SimEarth [Maxis] [1991] [5.25DD] [Disk 3 of 4].img" size="368640" crc="32cf78f6" sha1="d9035b3a2627e39cd75ba0d632c8bdf7f2a01f34" />
		<rom name="SimEarth [Maxis] [1991] [5.25DD] [Disk 4 of 4].img" size="368640" crc="40d10f2f" sha1="a73e7c4f8e398d189a1a370c7819958848ac5694" />
	</machine>
	<machine name="tenniscup2">
		<description>Tennis Cup II</description>
		<year>1992</year>
		<publisher>Loriciel</publisher>
		<rom name="tennis_cup_2_disk_a-b.mfm" size="2157740" crc="21f6700d" sha1="dc7c7fe9642f77a28efec08728a8c9feed6260f0" />
		<rom name="tennis_cup_2_disk_c-d.img" size="737280" crc="a829cd2a" sha1="9d773aa9ed718cbf2cacab3548f70226139e518c" />
	</machine>
	<machine name="toiacid">
		<description>Toi Acid Game</description>
		<year>1989</year>
		<publisher>Iber Soft</publisher>
		<rom name="toi_acid_game.mfm" size="2232621" crc="3d3fd3c0" sha1="d912c216baadbe7b62595d83d0be777f0bd31b28" />
	</machine>
</datafile>