<?xml version="1.0" encoding="utf-8"?>
<!DOCTYPE datafile PUBLIC "-//Logiqx//DTD ROM Management Datafile//EN" "http://www.logiqx.com/Dats/datafile.dtd">
<datafile>
	<header>
		<name>n64</name>
		<description>Nintendo 64 cartridges</description>
		<version></version>
		<author></author>
	</header>
	<machine name="ctrlchck">
		<description>Controller Checker Ver.1.01</description>
		<year>19??</year>
		<publisher>&lt;unknown&gt;</publisher>
		<rom name="cntr64_checker_64mbit.bin" size="8388608" crc="063e0a52" sha1="6cd924266e64be7bdba0017e38004d56d96c22cb" />
	</machine>
	<machine name="rgbtest">
		<description>Unknown RGB Test Cartridge</description>
		<year>19??</year>
		<publisher>&lt;unknown&gt;</publisher>
		<rom name="cntpak64.bin" size="16777216" crc="bbaaa427" sha1="b2e7432086b1ebc82c713f68e1a3a93abdcebd1c" />
	</machine>
	<machine name="xroller">
		<description>X'treme Roller (prototype)</description>
		<year>200?</year>
		<publisher>Microids</publisher>
		<rom name="xtremeroller.bin" size="25165824" crc="9a47af0f" sha1="238efed4c5f4d6c3aba98774299bf7ea2cb0d021" />
	</machine>
</datafile>