<?xml version="1.0" encoding="utf-8"?>
<!DOCTYPE datafile PUBLIC "-//Logiqx//DTD ROM Management Datafile//EN" "http://www.logiqx.com/Dats/datafile.dtd">
<datafile>
	<header>
		<name>nes</name>
		<description>Nintendo Entertainment System cartridges</description>
		<version></version>
		<author></author>
	</header>
	<machine name="awinner">
		<description>A Winner is You</description>
		<year>2016</year>
		<publisher>retroUSB</publisher>
		<rom name="a winner is you (sergio elisondo) (2016).prg" size="67108864" crc="7dcbded6" sha1="e44b5d14c4c24dfcd41eb15f0b5c218e585235bd" status="baddump" />
	</machine>
	<machine name="bookymana">
		<description>Booky Man (Brazil)</description>
		<year>1991</year>
		<publisher>Mega Soft</publisher>
		<rom name="bookyman (mega soft).prg" size="16384" crc="e65fe725" sha1="158f59ba1228dba208f9abd4c31ed610e6d93ec7" status="baddump" />
	</machine>
	<machine name="captplanh">
		<description>Captain Planet and the Planeteers (pirate)</description>
		<year>199?</year>
		<publisher>&lt;pirate&gt;</publisher>
		<rom name="captain planet and the planeteers (vt-3121).prg" size="131072" crc="981104b7" sha1="1be3fa74f241e4bff41ac28aef5b3fed14e60413" status="baddump" />
	</machine>
	<machine name="destroyra">
		<description>Destroyer (Asia)</description>
		<year>1992</year>
		<publisher>Mega Soft</publisher>
		<rom name="destroyer (mega soft).chr" size="32768" crc="b7c70cae" sha1="19d6e0440251060a0dc33f26894f8d109f4716d6" status="baddump" />
		<rom name="destroyer (mega soft).prg" size="32768" crc="d0f4c55a" sha1="ca1bb1d77925e1bafea93031cdc9a3d14f62d47d" status="baddump" />
	</machine>
	<machine name="fifa96jy">
		<description>FIFA International Soccer '96 (J.League Winning Goal pirate)</description>
		<year>199?</year>
		<publisher>J.Y. Company</publisher>
		<rom name="fifa international soccer '96 (jy-060).chr" size="131072" crc="1160133b" sha1="e7fa6d423a1eee5601be3c597a47ee164757ba92" status="baddump" />
		<rom name="fifa international soccer '96 (jy-060).prg" size="131072" crc="fa1c5fc1" sha1="1dd9cf86c701936d58cc40689ce5f47addefdb74" status="baddump" />
	</machine>
	<machine name="gobennya">
		<description>Go! Benny! (Asia)</description>
		<year>1992</year>
		<publisher>Mega Soft</publisher>
		<rom name="go benny (mega soft).chr" size="32768" crc="cc699118" sha1="4174465dbd9276e89ce194c18f6f117e5d2dab3c" status="baddump" />
		<rom name="go benny (mega soft).prg" size="32768" crc="b732bde3" sha1="c01d753bfbdb0f8fd5c1747c86ad144872e5fc1a" status="baddump" />
	</machine>
	<machine name="heroqstg">
		<description>Hero Quest (Germany, prototype)</description>
		<year>1992</year>
		<publisher>Gremlin Interactive</publisher>
		<rom name="herog 5-5-92" size="131072" crc="d91cf3dc" sha1="1eace77232f2d7d49a9bf40c772a933f182081f2" status="baddump" />
	</machine>
	<machine name="holydivrce">
		<description>Holy Diver Collector's Edition</description>
		<year>2018</year>
		<publisher>retro-bit</publisher>
		<rom name="holy diver (2018).prg" size="524288" crc="b14969c8" sha1="500e06626c2c59acd319d2a287daf23916cfa95e" status="baddump" />
	</machine>
	<machine name="jwest">
		<description>Xītiān Qǔjīng - Journey To The West (Asia)</description>
		<year>19??</year>
		<publisher>Micro Genius</publisher>
		<rom name="journey to the west.prg" size="131072" crc="162f1311" sha1="b069b50088ade57c892d54802088c9d91d6e8217" status="baddump" />
	</machine>
	<machine name="kirastar">
		<description>Kira Kira Star Night DX</description>
		<year>2016</year>
		<publisher>Columbus Circle</publisher>
		<rom name="kira kira star night dx.chr" size="262144" crc="baeb2c47" sha1="3a9f35bfaa920633ca96eb7df5a26b25688f6984" status="baddump" />
		<rom name="kira kira star night dx.prg" size="262144" crc="35f72799" sha1="a865787e66b5e3c604b895ba92ef16f509bd79d3" status="baddump" />
	</machine>
	<machine name="mc_5c93">
		<description>5 in 1 1993 Copyright</description>
		<year>1993</year>
		<publisher>&lt;pirate&gt;</publisher>
		<rom name="5-in-1 1993 copyright.chr" size="131072" crc="5439287e" sha1="2102a052a26fc377109b725992847784835264c1" status="baddump" />
		<rom name="5-in-1 1993 copyright.prg" size="131072" crc="7ec6df24" sha1="6fc7f82c185699725a17a72efa9914d33ab40d39" status="baddump" />
	</machine>
	<machine name="mc_8j21b">
		<description>1998 Super HiK 8 in 1 (JY-021B)</description>
		<year>1998</year>
		<publisher>J.Y. Company</publisher>
		<rom name="1998 super hik 8-in-1 (jy-021b).chr" size="1048576" crc="36ea5a43" sha1="bec2c0ba847d3b67d5c3e2b9b669093b7389cd38" status="baddump" />
		<rom name="1998 super hik 8-in-1 (jy-021b).prg" size="1048576" crc="aa1aeece" sha1="c1fe5436d90619106e898a53d33201ca1e00dd16" status="baddump" />
	</machine>
	<machine name="mc_10m46">
		<description>10000000 in 1 (KB46)</description>
		<year>19??</year>
		<publisher>&lt;pirate&gt;</publisher>
		<rom name="10000000-in-1 (kb46).chr" size="65536" crc="6ccfb6ed" sha1="8cc3c5dbc66756e8777a504c90e5203dc58c7144" status="baddump" />
		<rom name="10000000-in-1 (kb46).prg" size="131072" crc="5af12a03" sha1="49c9515d8ea45ebd9569b727d673cb618fed054a" status="baddump" />
	</machine>
	<machine name="mc_14fl">
		<description>14 in 1 (FL-14A)</description>
		<year>19??</year>
		<publisher>&lt;pirate&gt;</publisher>
		<rom name="14-in-1 (fl-14a).chr" size="65536" crc="264d407b" sha1="96fbd9d9cdd2249c82a8d59e292e1dbc905b7caa" status="baddump" />
		<rom name="14-in-1 (fl-14a).prg" size="131072" crc="b825146b" sha1="f153f2b1be761682b5032ec1b48798874e66b1b9" status="baddump" />
	</machine>
	<machine name="mc_40">
		<description>40 in 1 (110-05)</description>
		<year>19??</year>
		<publisher>&lt;pirate&gt;</publisher>
		<rom name="40-in-1 (110-05).chr" size="65536" crc="21fa8301" sha1="66b74888809375b2c18ce8836cdd47924e476471" status="baddump" />
		<rom name="40-in-1 (110-05).prg" size="131072" crc="c40779e7" sha1="893003a83ce9974367c9c6f2d87777747754cecf" status="baddump" />
	</machine>
	<machine name="mc_125jy">
		<description>125 in 1 (JY-125)</description>
		<year>19??</year>
		<publisher>J.Y. Company</publisher>
		<rom name="125-in-1 (jy-125).chr" size="2097152" crc="8a08e887" sha1="49281aa889ff1d7d68460e480d52c32d9927d4e2" status="baddump" />
		<rom name="125-in-1 (jy-125).prg" size="2097152" crc="736cf414" sha1="b66db219935bc341e251a810060c93de5bf9f33c" status="baddump" />
	</machine>
	<machine name="mc_130jy">
		<description>130 in 1 (JY-130)</description>
		<year>19??</year>
		<publisher>J.Y. Company</publisher>
		<rom name="130-in-1 (jy-130).chr" size="2097152" crc="c65724c7" sha1="0be083de5aaf1351d70b9ded6a3acd11508a4d5d" status="baddump" />
		<rom name="130-in-1 (jy-130).prg" size="2097152" crc="94a92bbc" sha1="b848cac4d7511da03691d24fe1c822d8955c4a2d" status="baddump" />
	</machine>
	<machine name="mc_158ab">
		<description>158 in 1 (AB-5027)</description>
		<year>19??</year>
		<publisher>&lt;pirate&gt;</publisher>
		<rom name="158-in-1 (ab-5027).chr" size="65536" crc="e4e4a50c" sha1="c6f74ffe692b221edca127f417769c711f3587c3" status="baddump" />
		<rom name="158-in-1 (ab-5027).prg" size="131072" crc="df56036e" sha1="77feb7afe43d34001728977cd50539067880c687" status="baddump" />
	</machine>
	<machine name="mc_400rg">
		<description>400 in 1 Real Game</description>
		<year>201?</year>
		<publisher>&lt;pirate&gt;</publisher>
		<rom name="400-in-1 (200-in-1 real game x2).prg" size="67108864" crc="3ae35ec1" sha1="e77f527dababdc9bc9ee558f6d40a4d4c756f9f9" status="baddump" />
	</machine>
	<machine name="mc_9999d">
		<description>9999 in 1 (108-03)</description>
		<year>19??</year>
		<publisher>&lt;pirate&gt;</publisher>
		<rom name="9999-in-1 (108-03).chr" size="65536" crc="ba602a48" sha1="3c287bd6518961b7055b6485fa017b17af5a8d81" status="baddump" />
		<rom name="9999-in-1 (108-03).prg" size="131072" crc="fb99ebe0" sha1="8534b881c63c7154ccb5f26137a6c6aebc180fe0" status="baddump" />
	</machine>
	<machine name="mc_bb500">
		<description>Bully Boy 500 in 1</description>
		<year>201?</year>
		<publisher>&lt;pirate&gt;</publisher>
		<rom name="500-in-1 (bully boy) (unl).prg" size="33554432" crc="24131e3d" sha1="b8f0405feed3d093e2ea524e74902f43973cafc3" status="baddump" />
	</machine>
	<machine name="mc_mf7">
		<description>Mario Family 7 in 1</description>
		<year>19??</year>
		<publisher>&lt;pirate&gt;</publisher>
		<rom name="mario family 7-in-1.chr" size="1048576" crc="1582975f" sha1="86a02b798f39b6f3a3c3ee833b11a512142cc406" status="baddump" />
		<rom name="mario family 7-in-1.prg" size="1048576" crc="c87dadfc" sha1="a8c8786c1793f91f70d0cc7b03ecb95b6a178706" status="baddump" />
	</machine>
	<machine name="mc_pg150a">
		<description>Pocket Games 150 in 1 (Mario boot screen)</description>
		<year>2015</year>
		<publisher>&lt;pirate&gt;</publisher>
		<rom name="pocketgames 150-in-1 (mario version)(coolboy).prg" size="33554432" crc="41d23e8f" sha1="c8dceebb17baa65ed711ff4799f0ea52faf166b6" status="baddump" />
	</machine>
	<machine name="mc_s13">
		<description>Super 13 in 1</description>
		<year>2004</year>
		<publisher>&lt;pirate&gt;</publisher>
		<rom name="2004 super 13-in-1.prg" size="4194304" crc="28a92a86" sha1="a45412ca8a5f8afa32a559f6e45887ec60ab5122" status="baddump" />
	</machine>
	<machine name="musicpow">
		<description>8Bit Music Power</description>
		<year>2016</year>
		<publisher>Columbus Circle</publisher>
		<rom name="8bit music power.chr" size="262144" crc="16f15eb6" sha1="09a4204edb35dd742fb3110e68b533661e8ba35e" status="baddump" />
		<rom name="8bit music power.prg" size="524288" crc="104e9410" sha1="2861b2fa673b785b66bf46814735104da9cc61be" status="baddump" />
	</machine>
	<machine name="musicpwf">
		<description>8Bit Music Power Final</description>
		<year>2017</year>
		<publisher>Columbus Circle</publisher>
		<rom name="8bit music power final.chr" size="262144" crc="a8c9290a" sha1="11101ef07c2e7d66421e9ca7e7df34a8c300107f" status="baddump" />
		<rom name="8bit music power final.prg" size="524288" crc="c2856b5d" sha1="c97581829fa9738a8ce6eae9b6140b4b81510f66" status="baddump" />
	</machine>
	<machine name="neoheian">
		<description>Neo Heiankyo Alien</description>
		<year>2017</year>
		<publisher>Columbus Circle</publisher>
		<rom name="neo heiankyo alien.chr" size="131072" crc="3f726765" sha1="879cb8c5a38295008aa08a79c69388d55292a249" status="baddump" />
		<rom name="neo heiankyo alien.prg" size="524288" crc="b0fc6145" sha1="a8178c5293aafc2c6dc6d78c5fe4239edfff8395" status="baddump" />
	</machine>
	<machine name="overhorzh">
		<description>Over Horizon (pirate)</description>
		<year>199?</year>
		<publisher>&lt;pirate&gt;</publisher>
		<rom name="over horizon (bootleg).prg" size="131072" crc="b70659fc" sha1="19dc1dd00b32c815b54e60169e428a1461e9cc0c" status="baddump" />
	</machine>
	<machine name="poke2ka">
		<description>Pokemon 2000 (Felix the Cat pirate)</description>
		<year>199?</year>
		<publisher>&lt;pirate&gt;</publisher>
		<rom name="pokemon 2000.chr" size="131072" crc="c26a782d" sha1="e9c7127412e146f46f9b37fe34b17016e7b3c0f8" status="baddump" />
		<rom name="pokemon 2000.prg" size="131072" crc="44573503" sha1="ba61b7b1dcdc76c612afb006a0a1b2b42191d99b" status="baddump" />
	</machine>
	<machine name="scontrads">
		<description>Super Contra DS (Super Contra pirate)</description>
		<year>1990</year>
		<publisher>&lt;pirate&gt;</publisher>
		<rom name="super contra (1990 yellow).chr" size="131072" crc="6637575c" sha1="44a9d6db1087a6ad0907065fe147e9e1fb136661" status="baddump" />
		<rom name="super contra (1990 yellow).prg" size="131072" crc="69e9a652" sha1="f836c6ef07349971128bc48d645d1e70262c8020" status="baddump" />
	</machine>
	<machine name="smario15">
		<description>Super Mario 15 (Kaiketsu Yanchamaru 3 - Taiketsu! Zouringen pirate)</description>
		<year>19??</year>
		<publisher>&lt;pirate&gt;</publisher>
		<rom name="super mario 15.chr" size="131072" crc="d8abd6d8" sha1="faa6a0037ed60065d5f57ca4a069034d4f8506e7" status="baddump" />
		<rom name="super mario 15.prg" size="131072" crc="a80d46a3" sha1="b44228925d193fe9f3eeb60f85db03926fe18f1d" status="baddump" />
	</machine>
	<machine name="xiaobaik">
		<description>Xiǎo Bǎikē 2 in 1 - Dūdū Wāwā Dà Màoxiǎn &amp; Zhìlì Pīntú (China)</description>
		<year>1994</year>
		<publisher>Shenzhen Lingjie</publisher>
		<rom name="xiao baike 2-in-1.prg" size="131072" crc="ae1a88a9" sha1="d743a4c7b3c889da4dd24a8b6e0d795450be2c1d" status="baddump" />
	</machine>
	<machine name="xiaozysx">
		<description>Xiǎo Zhuàngyuán Shùxué (China)</description>
		<year>1995</year>
		<publisher>Hongtu Development Company</publisher>
		<rom name="xiao zhuangyuan shuxue (b1.0).prg" size="131072" crc="58cdcc17" sha1="41f82974c233ffbcbdf8af6956da9a084cdadee3" status="baddump" />
	</machine>
	<machine name="xmas08">
		<description>8-bit Xmas 2008</description>
		<year>2008</year>
		<publisher>RetroZone</publisher>
		<rom name="xmas08demo.prg" size="32768" crc="3ae2a150" sha1="5ce021bebb9049604434af45d6c397e6dd7b84c4" status="baddump" />
	</machine>
	<machine name="xmas09">
		<description>8-bit Xmas 2009</description>
		<year>2009</year>
		<publisher>RetroZone</publisher>
		<rom name="xmas09demo.prg" size="32768" crc="851cea10" sha1="88ed2741e88144eda26366985d216f27629cf3f8" status="baddump" />
	</machine>
	<machine name="xmas10">
		<description>8-bit Xmas 2010</description>
		<year>2010</year>
		<publisher>RetroZone</publisher>
		<rom name="xmas10demo.prg" size="32768" crc="a6e02975" sha1="a3a81cc6fdb7a68efbb061ba44dd52407a978e26" status="baddump" />
	</machine>
	<machine name="xmas11">
		<description>8-bit Xmas 2011</description>
		<year>2011</year>
		<publisher>RetroZone</publisher>
		<rom name="xmas11demo.prg" size="32768" crc="d0d0c932" sha1="067bbd99c5f9ccaf66ef484e024b9c98e4893d6d" status="baddump" />
	</machine>
	<machine name="xmas12">
		<description>8-bit Xmas 2012</description>
		<year>2012</year>
		<publisher>RetroZone</publisher>
		<rom name="xmas12demo.prg" size="131072" crc="feab08f1" sha1="4834a8bea6df40c9566b97412de775de2ffde492" status="baddump" />
	</machine>
	<machine name="xmas13">
		<description>8-bit Xmas 2013</description>
		<year>2013</year>
		<publisher>RetroZone</publisher>
		<rom name="xmas13demo.prg" size="131072" crc="f8d04aa0" sha1="98e57ebca93689042d254fe205c357cdc4d84b0a" status="baddump" />
	</machine>
	<machine name="xmas14">
		<description>8-bit Xmas 2014</description>
		<year>2014</year>
		<publisher>retroUSB</publisher>
		<rom name="xmas14demo.prg" size="131072" crc="900ca825" sha1="9e7a881a5c1e643b1327a7c4434e2623eefb95e5" status="baddump" />
	</machine>
	<machine name="xmas15">
		<description>8-bit Xmas 2015</description>
		<year>2015</year>
		<publisher>retroUSB</publisher>
		<rom name="xmas15demo.prg" size="131072" crc="376c9fcc" sha1="658929d3377e30469c82b3bf8a66c7d2fbcd0b57" status="baddump" />
	</machine>
	<machine name="xmas16">
		<description>8-bit Xmas 2016</description>
		<year>2016</year>
		<publisher>retroUSB</publisher>
		<rom name="xmas16demo.prg" size="131072" crc="19eb1773" sha1="9a22cb50f0b7d26f81dd0b9f8e3f05e07c3b4834" status="baddump" />
	</machine>
	<machine name="xmas18">
		<description>8-bit Xmas 2018</description>
		<year>2018</year>
		<publisher>retroUSB</publisher>
		<rom name="xmas18demo.prg" size="131072" crc="38431bf6" sha1="cb5a7ee17b4a4a7a30d4c98073d107561d903641" status="baddump" />
	</machine>
	<machine name="xmas19">
		<description>8-bit Xmas 2019</description>
		<year>2019</year>
		<publisher>retroUSB</publisher>
		<rom name="xmas19demo.prg" size="131072" crc="3e03466b" sha1="a8cceadd892a8fb4c43ccc660a2073c2d8b2d69e" status="baddump" />
	</machine>
	<machine name="xmas20">
		<description>8-bit Xmas 2020</description>
		<year>2020</year>
		<publisher>retroUSB</publisher>
		<rom name="xmas20demo.prg" size="131072" crc="bad62c7b" sha1="b0d4a83d71e571ab7ba5ba95784498f17b527606" status="baddump" />
	</machine>
	<machine name="xmas21">
		<description>8-bit Xmas 2021</description>
		<year>2021</year>
		<publisher>retroUSB</publisher>
		<rom name="xmas21demo.prg" size="131072" crc="d8ab6288" sha1="8b15b9eff1bcb128ff4969de7a5d4d47b3b2b62f" status="baddump" />
	</machine>
</datafile>