<?xml version="1.0" encoding="utf-8"?>
<!DOCTYPE datafile PUBLIC "-//Logiqx//DTD ROM Management Datafile//EN" "http://www.logiqx.com/Dats/datafile.dtd">
<datafile>
	<header>
		<name>ngpc</name>
		<description>SNK Neo Geo Pocket Color cartridges</description>
		<version></version>
		<author></author>
	</header>
	<machine name="pachinkop">
		<description>Pachinko Hisshou Guide - Pocket Parlor (Jpn, prototype)</description>
		<year>1999</year>
		<publisher>Japan Vistec</publisher>
		<rom name="jv pachi.bin" size="1048576" crc="ccf07c2f" sha1="63fd9e4be7ba482e70fcafde6e50773046a5fe40" />
	</machine>
	<machine name="svct">
		<description>Choujou Kessen Saikyou Fighters - SNK vs Capcom - Taikenban (Jpn)</description>
		<year>1999</year>
		<publisher>SNK</publisher>
		<rom name="svc f1 trial.bin" size="2097152" crc="1e19e307" sha1="ebdd4188d2fdfd0098d61913d234d2e23adaaf9d" />
	</machine>
</datafile>