<?xml version="1.0" encoding="utf-8"?>
<!DOCTYPE datafile PUBLIC "-//Logiqx//DTD ROM Management Datafile//EN" "http://www.logiqx.com/Dats/datafile.dtd">
<datafile>
	<header>
		<name>rx78_cart</name>
		<description>Gundam RX-78 cartridges</description>
		<version></version>
		<author></author>
	</header>
	<machine name="creatgr">
		<description>Creative Graphics</description>
		<year>1983</year>
		<publisher>Bandai</publisher>
		<rom name="364c94-3j1.ic2.bin" size="8192" crc="80873b44" sha1="38b7aadf16cc0273f7fd735867d4d3987d0772aa" />
	</machine>
</datafile>